
================================================================
[1/12] Start Story Aeneid fork
================================================================
1315

================================================================
[2/12] Fund impersonated owner
================================================================

================================================================
[3/12] Delta update — deploy V2 helper + DAO + repoint router
================================================================
[1/7] Build on-chain-pccs
No files changed, compilation skipped
note[mixed-case-variable]: mutable variables should use mixedCase
  --> src/bases/FmspcTcbDaoV2.sol:24:29
   |
24 |     FmspcTcbHelperV2 public FmspcTcbLibV2;
   |                             ^^^^^^^^^^^^^ help: consider using: `fmspcTcbLibV2`
   |
   = help: https://book.getfoundry.sh/reference/forge/forge-lint#mixed-case-variable

note[mixed-case-variable]: mutable variables should use mixedCase
  --> src/bases/EnclaveIdentityDao.sol:25:19
   |
25 |     PcsDao public Pcs;
   |                   ^^^ help: consider using: `pcs`
   |
   = help: https://book.getfoundry.sh/reference/forge/forge-lint#mixed-case-variable

note[mixed-case-variable]: mutable variables should use mixedCase
  --> src/bases/EnclaveIdentityDao.sol:26:34
   |
26 |     EnclaveIdentityHelper public EnclaveIdentityLib;
   |                                  ^^^^^^^^^^^^^^^^^^ help: consider using: `enclaveIdentityLib`
   |
   = help: https://book.getfoundry.sh/reference/forge/forge-lint#mixed-case-variable

note[mixed-case-function]: function names should use mixedCase
  --> src/bases/EnclaveIdentityDao.sol:83:14
   |
83 |     function ENCLAVE_ID_KEY(uint256 id, uint256 version) public view virtual returns (bytes32 key) {
   |              ^^^^^^^^^^^^^^ help: consider using: `enclaveIdKey`
   |
   = help: https://book.getfoundry.sh/reference/forge/forge-lint#mixed-case-function

note[screaming-snake-case-const]: constants should use SCREAMING_SNAKE_CASE
 --> test/tcb/TDXConstants.t.sol:7:30
  |
7 |     bytes8 internal constant attributes = 0x0000000000000000;
  |                              ^^^^^^^^^^ help: consider using: `ATTRIBUTES`
  |
  = help: https://book.getfoundry.sh/reference/forge/forge-lint#screaming-snake-case-const

note[screaming-snake-case-const]: constants should use SCREAMING_SNAKE_CASE
 --> test/tcb/TDXConstants.t.sol:8:30
  |
8 |     bytes8 internal constant attributesMask = 0xFFFFFFFFFFFFFFFF;
  |                              ^^^^^^^^^^^^^^ help: consider using: `ATTRIBUTES_MASK`
  |
  = help: https://book.getfoundry.sh/reference/forge/forge-lint#screaming-snake-case-const

note[mixed-case-variable]: mutable variables should use mixedCase
  --> src/bases/TcbEvalDao.sol:25:19
   |
25 |     PcsDao public Pcs;
   |                   ^^^ help: consider using: `pcs`
   |
   = help: https://book.getfoundry.sh/reference/forge/forge-lint#mixed-case-variable

note[mixed-case-variable]: mutable variables should use mixedCase
  --> src/bases/TcbEvalDao.sol:26:26
   |
26 |     TcbEvalHelper public TcbEvalLib;
   |                          ^^^^^^^^^^ help: consider using: `tcbEvalLib`
   |
   = help: https://book.getfoundry.sh/reference/forge/forge-lint#mixed-case-variable

note[unaliased-plain-import]: use named imports '{A, B}' or alias 'import ".." as X'
 --> test/misc/RollbackTest.t.sol:4:8
  |
4 | import "../pcs/PCSSetupBase.t.sol";
  |        ^^^^^^^^^^^^^^^^^^^^^^^^^^^
  |
  = help: https://book.getfoundry.sh/reference/forge/forge-lint#unaliased-plain-import

note[unaliased-plain-import]: use named imports '{A, B}' or alias 'import ".." as X'
 --> test/misc/RollbackTest.t.sol:5:8
  |
5 | import "../../src/helpers/X509CRLHelper.sol";
  |        ^^^^^^^^^^^^^^^^^^^^^^^^^^^^^^^^^^^^^
  |
  = help: https://book.getfoundry.sh/reference/forge/forge-lint#unaliased-plain-import

note[unaliased-plain-import]: use named imports '{A, B}' or alias 'import ".." as X'
 --> src/utils/P256Verifier.sol:4:8
  |
4 | import "./BytesUtils.sol";
  |        ^^^^^^^^^^^^^^^^^^
  |
  = help: https://book.getfoundry.sh/reference/forge/forge-lint#unaliased-plain-import

note[pascal-case-struct]: structs should use PascalCase
  --> src/helpers/PCKHelper.sol:32:12
   |
32 |     struct PCKTCBFlags {
   |            ^^^^^^^^^^^ help: consider using: `PcktcbFlags`
   |
   = help: https://book.getfoundry.sh/reference/forge/forge-lint#pascal-case-struct

note[unaliased-plain-import]: use named imports '{A, B}' or alias 'import ".." as X'
 --> test/tcb/FmspcTcbHelperV2Test.t.sol:4:8
  |
4 | import "forge-std/Test.sol";
  |        ^^^^^^^^^^^^^^^^^^^^
  |
  = help: https://book.getfoundry.sh/reference/forge/forge-lint#unaliased-plain-import

note[mixed-case-variable]: mutable variables should use mixedCase
 --> test/misc/RollbackTest.t.sol:8:11
  |
8 |     bytes old_pck_crl =
  |           ^^^^^^^^^^^ help: consider using: `oldPckCrl`
  |
  = help: https://book.getfoundry.sh/reference/forge/forge-lint#mixed-case-variable

note[unaliased-plain-import]: use named imports '{A, B}' or alias 'import ".." as X'
 --> test/tcb/FmspcTcbHelperV2Test.t.sol:6:8
  |
6 | import "../../src/helpers/FmspcTcbHelper.sol";
  |        ^^^^^^^^^^^^^^^^^^^^^^^^^^^^^^^^^^^^^^
  |
  = help: https://book.getfoundry.sh/reference/forge/forge-lint#unaliased-plain-import

note[unaliased-plain-import]: use named imports '{A, B}' or alias 'import ".." as X'
 --> test/tcb/FmspcTcbHelperV2Test.t.sol:7:8
  |
7 | import "../../src/helpers/FmspcTcbHelperV2.sol";
  |        ^^^^^^^^^^^^^^^^^^^^^^^^^^^^^^^^^^^^^^^^
  |
  = help: https://book.getfoundry.sh/reference/forge/forge-lint#unaliased-plain-import

warning[unsafe-typecast]: typecasts that can truncate values should be checked
   --> src/bases/FmspcTcbDaoV2.sol:332:34
    |
332 |             issueDateTimestamp = uint64(slot >> 192);
    |                                  ^^^^^^^^^^^^^^^^^^^
    |
    = note: consider disabling this lint if you're certain the cast is safe
            
            // casting to 'uint64' is safe because [explain why]
            // forge-lint: disable-next-line(unsafe-typecast)
            
            
    = help: https://book.getfoundry.sh/reference/forge/forge-lint#unsafe-typecast

note[screaming-snake-case-const]: constants should use SCREAMING_SNAKE_CASE
   --> src/utils/BytesUtils.sol:277:20
    |
277 |     bytes constant base32HexTable =
    |                    ^^^^^^^^^^^^^^ help: consider using: `BASE32_HEX_TABLE`
    |
    = help: https://book.getfoundry.sh/reference/forge/forge-lint#screaming-snake-case-const

note[mixed-case-variable]: mutable variables should use mixedCase
  --> test/misc/RollbackTest.t.sol:10:11
   |
10 |     bytes new_pck_crl =
   |           ^^^^^^^^^^^ help: consider using: `newPckCrl`
   |
   = help: https://book.getfoundry.sh/reference/forge/forge-lint#mixed-case-variable

warning[unsafe-typecast]: typecasts that can truncate values should be checked
  --> src/utils/BytesUtils.sol:84:28
   |
84 |                     return int256(diff);
   |                            ^^^^^^^^^^^^
   |
   = note: consider disabling this lint if you're certain the cast is safe
           
           // casting to 'int256' is safe because [explain why]
           // forge-lint: disable-next-line(unsafe-typecast)
           
           
   = help: https://book.getfoundry.sh/reference/forge/forge-lint#unsafe-typecast

warning[unsafe-typecast]: typecasts that can truncate values should be checked
  --> src/utils/BytesUtils.sol:91:16
   |
91 |         return int256(len) - int256(otherlen);
   |                ^^^^^^^^^^^
   |
   = note: consider disabling this lint if you're certain the cast is safe
           
           // casting to 'int256' is safe because [explain why]
           // forge-lint: disable-next-line(unsafe-typecast)
           
           
   = help: https://book.getfoundry.sh/reference/forge/forge-lint#unsafe-typecast

note[unaliased-plain-import]: use named imports '{A, B}' or alias 'import ".." as X'
 --> test/misc/X509HelperTest.t.sol:4:8
  |
4 | import "forge-std/Test.sol";
  |        ^^^^^^^^^^^^^^^^^^^^
  |
  = help: https://book.getfoundry.sh/reference/forge/forge-lint#unaliased-plain-import

note[unused-import]: unused imports should be removed
 --> src/helpers/PCKHelper.sol:4:21
  |
4 | import {X509Helper, X509CertObj, Asn1Decode, NodePtr, BytesUtils} from "./X509Helper.sol";
  |                     ^^^^^^^^^^^
  |
  = help: https://book.getfoundry.sh/reference/forge/forge-lint#unused-import

note[unaliased-plain-import]: use named imports '{A, B}' or alias 'import ".." as X'
 --> test/identity/IdentityHelperTest.t.sol:4:8
  |
4 | import "forge-std/Test.sol";
  |        ^^^^^^^^^^^^^^^^^^^^
  |
  = help: https://book.getfoundry.sh/reference/forge/forge-lint#unaliased-plain-import

warning[unsafe-typecast]: typecasts that can truncate values should be checked
   --> src/bases/FmspcTcbDaoV2.sol:333:35
    |
333 |             nextUpdateTimestamp = uint64(slot >> 128);
    |                                   ^^^^^^^^^^^^^^^^^^^
    |
    = note: consider disabling this lint if you're certain the cast is safe
            
            // casting to 'uint64' is safe because [explain why]
            // forge-lint: disable-next-line(unsafe-typecast)
            
            
    = help: https://book.getfoundry.sh/reference/forge/forge-lint#unsafe-typecast

warning[unsafe-typecast]: typecasts that can truncate values should be checked
  --> src/utils/BytesUtils.sol:91:30
   |
91 |         return int256(len) - int256(otherlen);
   |                              ^^^^^^^^^^^^^^^^
   |
   = note: consider disabling this lint if you're certain the cast is safe
           
           // casting to 'int256' is safe because [explain why]
           // forge-lint: disable-next-line(unsafe-typecast)
           
           
   = help: https://book.getfoundry.sh/reference/forge/forge-lint#unsafe-typecast

note[mixed-case-variable]: mutable variables should use mixedCase
 --> test/tcb/TCBConstants.t.sol:5:21
  |
5 |     string internal tdx_tcbStr =
  |                     ^^^^^^^^^^ help: consider using: `tdxTcbStr`
  |
  = help: https://book.getfoundry.sh/reference/forge/forge-lint#mixed-case-variable

note[mixed-case-variable]: mutable variables should use mixedCase
  --> test/tcb/TCBConstants.t.sol:11:20
   |
11 |     bytes internal tdx_signature =
   |                    ^^^^^^^^^^^^^ help: consider using: `tdxSignature`
   |
   = help: https://book.getfoundry.sh/reference/forge/forge-lint#mixed-case-variable

note[mixed-case-variable]: mutable variables should use mixedCase
  --> test/tcb/TCBConstants.t.sol:14:20
   |
14 |     bytes internal sgx_v2_tcbStr =
   |                    ^^^^^^^^^^^^^ help: consider using: `sgxV2TcbStr`
   |
   = help: https://book.getfoundry.sh/reference/forge/forge-lint#mixed-case-variable

note[mixed-case-function]: function names should use mixedCase
  --> src/bases/TcbEvalDao.sol:77:14
   |
77 |     function TCB_EVAL_KEY(TcbId id) public view virtual returns (bytes32 key) {
   |              ^^^^^^^^^^^^ help: consider using: `tcbEvalKey`
   |
   = help: https://book.getfoundry.sh/reference/forge/forge-lint#mixed-case-function

note[mixed-case-function]: function names should use mixedCase
  --> src/utils/DateTimeUtils.sol:15:14
   |
15 |     function fromDERToTimestamp(bytes memory x509Time) internal pure returns (uint256) {
   |              ^^^^^^^^^^^^^^^^^^ help: consider using: `fromDerToTimestamp`
   |
   = help: https://book.getfoundry.sh/reference/forge/forge-lint#mixed-case-function

note[unaliased-plain-import]: use named imports '{A, B}' or alias 'import ".." as X'
 --> test/tcb/FmspcTcbHelperV2Test.t.sol:8:8
  |
8 | import "./TCBConstants.t.sol";
  |        ^^^^^^^^^^^^^^^^^^^^^^
  |
  = help: https://book.getfoundry.sh/reference/forge/forge-lint#unaliased-plain-import

note[unused-import]: unused imports should be removed
 --> test/identity/IdentityHelperTest.t.sol:6:32
  |
6 | import {EnclaveIdentityHelper, EnclaveId, IdentityObj} from "../../src/helpers/EnclaveIdentityHelper.sol";
  |                                ^^^^^^^^^
  |
  = help: https://book.getfoundry.sh/reference/forge/forge-lint#unused-import

note[unaliased-plain-import]: use named imports '{A, B}' or alias 'import ".." as X'
 --> src/bases/DaoBase.sol:4:8
  |
4 | import "../interfaces/IDaoAttestationResolver.sol";
  |        ^^^^^^^^^^^^^^^^^^^^^^^^^^^^^^^^^^^^^^^^^^^
  |
  = help: https://book.getfoundry.sh/reference/forge/forge-lint#unaliased-plain-import

note[screaming-snake-case-immutable]: immutables should use SCREAMING_SNAKE_CASE
  --> src/bases/DaoBase.sol:12:46
   |
12 |     IDaoAttestationResolver public immutable resolver;
   |                                              ^^^^^^^^ help: consider using: `RESOLVER`
   |
   = help: https://book.getfoundry.sh/reference/forge/forge-lint#screaming-snake-case-immutable

note[unaliased-plain-import]: use named imports '{A, B}' or alias 'import ".." as X'
 --> test/mock/MockTcbDao.sol:4:8
  |
4 | import "../../src/bases/FmspcTcbDao.sol";
  |        ^^^^^^^^^^^^^^^^^^^^^^^^^^^^^^^^^
  |
  = help: https://book.getfoundry.sh/reference/forge/forge-lint#unaliased-plain-import

warning[unsafe-typecast]: typecasts that can truncate values should be checked
   --> src/helpers/PCKHelper.sol:130:51
    |
130 |                 svnValueBytes.length < 2 ? uint16(bytes2(svnValueBytes)) / 256 : uint16(bytes2(svnValueBytes));
    |                                                   ^^^^^^^^^^^^^^^^^^^^^
    |
    = note: consider disabling this lint if you're certain the cast is safe
            
            // casting to 'bytes2' is safe because [explain why]
            // forge-lint: disable-next-line(unsafe-typecast)
            
            
    = help: https://book.getfoundry.sh/reference/forge/forge-lint#unsafe-typecast

note[named-struct-fields]: prefer initializing structs with named fields
  --> test/tcb/FmspcTcbHelperV2Test.t.sol:47:18
   |
47 |         ranges = TcbInfoRanges(a, b, c, d);
   |                  ^^^^^^^^^^^^^^^^^^^^^^^^^ help: consider using named fields: `TcbInfoRanges({ tcbLevelsArrayStart: a, tcbLevelsArrayEnd: b, tdxModuleIdentitiesArrayStart: c, tdxModuleIdentitiesArrayEnd: d })`
   |
   = help: https://book.getfoundry.sh/reference/forge/forge-lint#named-struct-fields

note[mixed-case-variable]: mutable variables should use mixedCase
  --> test/tcb/TCBConstants.t.sol:17:20
   |
17 |     bytes internal sgx_v2_signature =
   |                    ^^^^^^^^^^^^^^^^ help: consider using: `sgxV2Signature`
   |
   = help: https://book.getfoundry.sh/reference/forge/forge-lint#mixed-case-variable

note[unaliased-plain-import]: use named imports '{A, B}' or alias 'import ".." as X'
 --> test/mock/MockTcbDao.sol:5:8
  |
5 | import "../../src/interfaces/IDaoAttestationResolver.sol";
  |        ^^^^^^^^^^^^^^^^^^^^^^^^^^^^^^^^^^^^^^^^^^^^^^^^^^
  |
  = help: https://book.getfoundry.sh/reference/forge/forge-lint#unaliased-plain-import

note[mixed-case-variable]: mutable variables should use mixedCase
  --> test/tcb/TCBConstants.t.sol:20:20
   |
20 |     bytes internal sgx_v3_tcbStr =
   |                    ^^^^^^^^^^^^^ help: consider using: `sgxV3TcbStr`
   |
   = help: https://book.getfoundry.sh/reference/forge/forge-lint#mixed-case-variable

warning[unsafe-typecast]: typecasts that can truncate values should be checked
   --> test/tcb/FmspcTcbHelperV2Test.t.sol:103:64
    |
103 |         assertEq(uint8(raw[ranges.tcbLevelsArrayStart]), uint8(bytes1("[")));
    |                                                                ^^^^^^^^^^^
    |
    = note: consider disabling this lint if you're certain the cast is safe
            
            // casting to 'bytes1' is safe because [explain why]
            // forge-lint: disable-next-line(unsafe-typecast)
            
            
    = help: https://book.getfoundry.sh/reference/forge/forge-lint#unsafe-typecast

warning[unsafe-typecast]: typecasts that can truncate values should be checked
   --> test/tcb/FmspcTcbHelperV2Test.t.sol:104:66
    |
104 |         assertEq(uint8(raw[ranges.tcbLevelsArrayEnd - 1]), uint8(bytes1("]")));
    |                                                                  ^^^^^^^^^^^
    |
    = note: consider disabling this lint if you're certain the cast is safe
            
            // casting to 'bytes1' is safe because [explain why]
            // forge-lint: disable-next-line(unsafe-typecast)
            
            
    = help: https://book.getfoundry.sh/reference/forge/forge-lint#unsafe-typecast

warning[unsafe-typecast]: typecasts that can truncate values should be checked
   --> test/tcb/FmspcTcbHelperV2Test.t.sol:107:74
    |
107 |         assertEq(uint8(raw[ranges.tdxModuleIdentitiesArrayStart]), uint8(bytes1("[")));
    |                                                                          ^^^^^^^^^^^
    |
    = note: consider disabling this lint if you're certain the cast is safe
            
            // casting to 'bytes1' is safe because [explain why]
            // forge-lint: disable-next-line(unsafe-typecast)
            
            
    = help: https://book.getfoundry.sh/reference/forge/forge-lint#unsafe-typecast

note[unaliased-plain-import]: use named imports '{A, B}' or alias 'import ".." as X'
 --> test/pcs/AutomataPcsDaoTest.t.sol:4:8
  |
4 | import "../pcs/PCSSetupBase.t.sol";
  |        ^^^^^^^^^^^^^^^^^^^^^^^^^^^
  |
  = help: https://book.getfoundry.sh/reference/forge/forge-lint#unaliased-plain-import

note[mixed-case-function]: function names should use mixedCase
  --> src/utils/DateTimeUtils.sol:42:14
   |
42 |     function fromISOToTimestamp(string memory iso) internal pure returns (uint256) {
   |              ^^^^^^^^^^^^^^^^^^ help: consider using: `fromIsoToTimestamp`
   |
   = help: https://book.getfoundry.sh/reference/forge/forge-lint#mixed-case-function

warning[unsafe-typecast]: typecasts that can truncate values should be checked
   --> src/bases/FmspcTcbDaoV2.sol:334:36
    |
334 |             evaluationDataNumber = uint32(slot);
    |                                    ^^^^^^^^^^^^
    |
    = note: consider disabling this lint if you're certain the cast is safe
            
            // casting to 'uint32' is safe because [explain why]
            // forge-lint: disable-next-line(unsafe-typecast)
            
            
    = help: https://book.getfoundry.sh/reference/forge/forge-lint#unsafe-typecast

warning[unsafe-typecast]: typecasts that can truncate values should be checked
   --> src/bases/FmspcTcbDaoV2.sol:349:27
    |
349 |             contentHash = bytes32(data);
    |                           ^^^^^^^^^^^^^
    |
    = note: consider disabling this lint if you're certain the cast is safe
            
            // casting to 'bytes32' is safe because [explain why]
            // forge-lint: disable-next-line(unsafe-typecast)
            
            
    = help: https://book.getfoundry.sh/reference/forge/forge-lint#unsafe-typecast

note[mixed-case-variable]: mutable variables should use mixedCase
  --> test/tcb/TCBConstants.t.sol:23:20
   |
23 |     bytes internal sgx_v3_signature =
   |                    ^^^^^^^^^^^^^^^^ help: consider using: `sgxV3Signature`
   |
   = help: https://book.getfoundry.sh/reference/forge/forge-lint#mixed-case-variable

note[unaliased-plain-import]: use named imports '{A, B}' or alias 'import ".." as X'
 --> test/misc/X509HelperTest.t.sol:5:8
  |
5 | import "../../src/helpers/X509Helper.sol";
  |        ^^^^^^^^^^^^^^^^^^^^^^^^^^^^^^^^^^
  |
  = help: https://book.getfoundry.sh/reference/forge/forge-lint#unaliased-plain-import

note[unaliased-plain-import]: use named imports '{A, B}' or alias 'import ".." as X'
 --> test/misc/X509HelperTest.t.sol:6:8
  |
6 | import "../../src/helpers/X509CRLHelper.sol";
  |        ^^^^^^^^^^^^^^^^^^^^^^^^^^^^^^^^^^^^^
  |
  = help: https://book.getfoundry.sh/reference/forge/forge-lint#unaliased-plain-import

note[unaliased-plain-import]: use named imports '{A, B}' or alias 'import ".." as X'
 --> test/pcs/PCSSetupBase.t.sol:4:8
  |
4 | import "../TestSetupBase.t.sol";
  |        ^^^^^^^^^^^^^^^^^^^^^^^^
  |
  = help: https://book.getfoundry.sh/reference/forge/forge-lint#unaliased-plain-import

warning[unsafe-typecast]: typecasts that can truncate values should be checked
   --> src/helpers/PCKHelper.sol:130:89
    |
130 |                 svnValueBytes.length < 2 ? uint16(bytes2(svnValueBytes)) / 256 : uint16(bytes2(svnValueBytes));
    |                                                                                         ^^^^^^^^^^^^^^^^^^^^^
    |
    = note: consider disabling this lint if you're certain the cast is safe
            
            // casting to 'bytes2' is safe because [explain why]
            // forge-lint: disable-next-line(unsafe-typecast)
            
            
    = help: https://book.getfoundry.sh/reference/forge/forge-lint#unsafe-typecast

note[unaliased-plain-import]: use named imports '{A, B}' or alias 'import ".." as X'
 --> test/tcb/FmspcTcbHelperV2ParityTest.t.sol:4:8
  |
4 | import "forge-std/Test.sol";
  |        ^^^^^^^^^^^^^^^^^^^^
  |
  = help: https://book.getfoundry.sh/reference/forge/forge-lint#unaliased-plain-import

note[unaliased-plain-import]: use named imports '{A, B}' or alias 'import ".." as X'
 --> test/identity/AutomataEnclaveIdentityVersionedTest.t.sol:4:8
  |
4 | import "forge-std/StdJson.sol";
  |        ^^^^^^^^^^^^^^^^^^^^^^^
  |
  = help: https://book.getfoundry.sh/reference/forge/forge-lint#unaliased-plain-import

note[unaliased-plain-import]: use named imports '{A, B}' or alias 'import ".." as X'
 --> test/identity/AutomataEnclaveIdentityVersionedTest.t.sol:6:8
  |
6 | import "../pcs/PCSSetupBase.t.sol";
  |        ^^^^^^^^^^^^^^^^^^^^^^^^^^^
  |
  = help: https://book.getfoundry.sh/reference/forge/forge-lint#unaliased-plain-import

note[unaliased-plain-import]: use named imports '{A, B}' or alias 'import ".." as X'
 --> src/utils/Asn1Decode.sol:8:8
  |
8 | import "./BytesUtils.sol";
  |        ^^^^^^^^^^^^^^^^^^
  |
  = help: https://book.getfoundry.sh/reference/forge/forge-lint#unaliased-plain-import

note[mixed-case-variable]: mutable variables should use mixedCase
 --> test/misc/X509HelperTest.t.sol:9:16
  |
9 |     X509Helper X509;
  |                ^^^^ help: consider using: `x509`
  |
  = help: https://book.getfoundry.sh/reference/forge/forge-lint#mixed-case-variable

note[unaliased-plain-import]: use named imports '{A, B}' or alias 'import ".." as X'
  --> test/tcb/FmspcTcbHelperV2ParityTest.t.sol:16:8
   |
16 | import "./TCBConstants.t.sol";
   |        ^^^^^^^^^^^^^^^^^^^^^^
   |
   = help: https://book.getfoundry.sh/reference/forge/forge-lint#unaliased-plain-import

note[unaliased-plain-import]: use named imports '{A, B}' or alias 'import ".." as X'
 --> test/mock/MockTcbDao.sol:7:8
  |
7 | import "forge-std/console.sol";
  |        ^^^^^^^^^^^^^^^^^^^^^^^
  |
  = help: https://book.getfoundry.sh/reference/forge/forge-lint#unaliased-plain-import

warning[unsafe-typecast]: typecasts that can truncate values should be checked
   --> src/helpers/PCKHelper.sol:135:32
    |
135 |                 uint8 cpusvn = uint8(svnValue);
    |                                ^^^^^^^^^^^^^^^
    |
    = note: consider disabling this lint if you're certain the cast is safe
            
            // casting to 'uint8' is safe because [explain why]
            // forge-lint: disable-next-line(unsafe-typecast)
            
            
    = help: https://book.getfoundry.sh/reference/forge/forge-lint#unsafe-typecast

note[unaliased-plain-import]: use named imports '{A, B}' or alias 'import ".." as X'
 --> test/identity/AutomataEnclaveIdentityVersionedTest.t.sol:7:8
  |
7 | import "./IdentityConstants.t.sol";
  |        ^^^^^^^^^^^^^^^^^^^^^^^^^^^
  |
  = help: https://book.getfoundry.sh/reference/forge/forge-lint#unaliased-plain-import

note[mixed-case-function]: function names should use mixedCase
  --> src/automata_pccs/versioned/AutomataFmspcTcbDaoVersionedV2.sol:31:14
   |
31 |     function FMSPC_TCB_KEY(uint8 tcbType, bytes6 fmspc, uint32 version)
   |              ^^^^^^^^^^^^^ help: consider using: `fmspcTcbKey`
   |
   = help: https://book.getfoundry.sh/reference/forge/forge-lint#mixed-case-function

warning[unsafe-typecast]: typecasts that can truncate values should be checked
  --> src/utils/Asn1Decode.sol:13:16
   |
13 |         return uint80(self);
   |                ^^^^^^^^^^^^
   |
   = note: consider disabling this lint if you're certain the cast is safe
           
           // casting to 'uint80' is safe because [explain why]
           // forge-lint: disable-next-line(unsafe-typecast)
           
           
   = help: https://book.getfoundry.sh/reference/forge/forge-lint#unsafe-typecast

note[mixed-case-function]: function names should use mixedCase
  --> src/automata_pccs/versioned/AutomataFmspcTcbDaoVersioned.sol:28:14
   |
28 |     function FMSPC_TCB_KEY(uint8 tcbType, bytes6 fmspc, uint32 version)
   |              ^^^^^^^^^^^^^ help: consider using: `fmspcTcbKey`
   |
   = help: https://book.getfoundry.sh/reference/forge/forge-lint#mixed-case-function

note[unused-import]: unused imports should be removed
 --> test/identity/AutomataEnclaveIdentityVersionedTest.t.sol:8:9
  |
8 | import {AutomataEnclaveIdentityDao} from "../../src/automata_pccs/AutomataEnclaveIdentityDao.sol";
  |         ^^^^^^^^^^^^^^^^^^^^^^^^^^
  |
  = help: https://book.getfoundry.sh/reference/forge/forge-lint#unused-import

note[asm-keccak256]: use of inefficient hashing mechanism; consider using inline assembly
   --> src/bases/FmspcTcbDaoV2.sol:594:16
    |
594 |         return keccak256(abi.encodePacked(rootRefId, tag));
    |                ^^^^^^^^^^^^^^^^^^^^^^^^^^^^^^^^^^^^^^^^^^^
    |
    = help: https://book.getfoundry.sh/reference/forge/forge-lint#asm-keccak256

warning[unsafe-typecast]: typecasts that can truncate values should be checked
   --> test/tcb/FmspcTcbHelperV2Test.t.sol:108:76
    |
108 |         assertEq(uint8(raw[ranges.tdxModuleIdentitiesArrayEnd - 1]), uint8(bytes1("]")));
    |                                                                            ^^^^^^^^^^^
    |
    = note: consider disabling this lint if you're certain the cast is safe
            
            // casting to 'bytes1' is safe because [explain why]
            // forge-lint: disable-next-line(unsafe-typecast)
            
            
    = help: https://book.getfoundry.sh/reference/forge/forge-lint#unsafe-typecast

note[unused-import]: unused imports should be removed
  --> test/identity/AutomataEnclaveIdentityVersionedTest.t.sol:10:9
   |
10 | import {DaoBase} from "../../src/bases/DaoBase.sol";
   |         ^^^^^^^
   |
   = help: https://book.getfoundry.sh/reference/forge/forge-lint#unused-import

note[mixed-case-function]: function names should use mixedCase
  --> src/automata_pccs/versioned/AutomataEnclaveIdentityDaoVersioned.sol:29:14
   |
29 |     function ENCLAVE_ID_KEY(uint256 id, uint256 version) public view override returns (bytes32 key) {
   |              ^^^^^^^^^^^^^^ help: consider using: `enclaveIdKey`
   |
   = help: https://book.getfoundry.sh/reference/forge/forge-lint#mixed-case-function

note[unaliased-plain-import]: use named imports '{A, B}' or alias 'import ".." as X'
 --> test/identity/AutomataEnclaveIdentityTest.t.sol:4:8
  |
4 | import "../pcs/PCSSetupBase.t.sol";
  |        ^^^^^^^^^^^^^^^^^^^^^^^^^^^
  |
  = help: https://book.getfoundry.sh/reference/forge/forge-lint#unaliased-plain-import

warning[unsafe-typecast]: typecasts that can truncate values should be checked
   --> test/mock/MockTcbDao.sol:106:34
    |
106 |             issueDateTimestamp = uint64(slot >> 192);
    |                                  ^^^^^^^^^^^^^^^^^^^
    |
    = note: consider disabling this lint if you're certain the cast is safe
            
            // casting to 'uint64' is safe because [explain why]
            // forge-lint: disable-next-line(unsafe-typecast)
            
            
    = help: https://book.getfoundry.sh/reference/forge/forge-lint#unsafe-typecast

note[mixed-case-variable]: mutable variables should use mixedCase
  --> test/misc/X509HelperTest.t.sol:10:19
   |
10 |     X509CRLHelper X509_CRL;
   |                   ^^^^^^^^ help: consider using: `x509Crl`
   |
   = help: https://book.getfoundry.sh/reference/forge/forge-lint#mixed-case-variable

note[screaming-snake-case-const]: constants should use SCREAMING_SNAKE_CASE
  --> test/misc/X509HelperTest.t.sol:11:20
   |
11 |     bytes constant sampleRootCaDer =
   |                    ^^^^^^^^^^^^^^^ help: consider using: `SAMPLE_ROOT_CA_DER`
   |
   = help: https://book.getfoundry.sh/reference/forge/forge-lint#screaming-snake-case-const

note[screaming-snake-case-const]: constants should use SCREAMING_SNAKE_CASE
  --> test/misc/X509HelperTest.t.sol:13:20
   |
13 |     bytes constant sampleRootCrlDer =
   |                    ^^^^^^^^^^^^^^^^ help: consider using: `SAMPLE_ROOT_CRL_DER`
   |
   = help: https://book.getfoundry.sh/reference/forge/forge-lint#screaming-snake-case-const

note[mixed-case-variable]: mutable variables should use mixedCase
  --> src/bases/FmspcTcbDao.sol:48:19
   |
48 |     PcsDao public Pcs;
   |                   ^^^ help: consider using: `pcs`
   |
   = help: https://book.getfoundry.sh/reference/forge/forge-lint#mixed-case-variable

note[unaliased-plain-import]: use named imports '{A, B}' or alias 'import ".." as X'
 --> test/tcb/AutomataTcbDaoTest.t.sol:4:8
  |
4 | import "../pcs/PCSSetupBase.t.sol";
  |        ^^^^^^^^^^^^^^^^^^^^^^^^^^^
  |
  = help: https://book.getfoundry.sh/reference/forge/forge-lint#unaliased-plain-import

warning[unsafe-typecast]: typecasts that can truncate values should be checked
  --> src/utils/Asn1Decode.sol:18:16
   |
18 |         return uint80(self >> 80);
   |                ^^^^^^^^^^^^^^^^^^
   |
   = note: consider disabling this lint if you're certain the cast is safe
           
           // casting to 'uint80' is safe because [explain why]
           // forge-lint: disable-next-line(unsafe-typecast)
           
           
   = help: https://book.getfoundry.sh/reference/forge/forge-lint#unsafe-typecast

note[unsafe-cheatcode]: usage of unsafe cheatcodes that can perform dangerous operations
  --> test/tcb/FmspcTcbHelperV2ParityTest.t.sol:42:36
   |
42 |             string memory raw = vm.readFile(path);
   |                                    ^^^^^^^^
   |
   = help: https://book.getfoundry.sh/reference/forge/forge-lint#unsafe-cheatcode

warning[unsafe-typecast]: typecasts that can truncate values should be checked
  --> src/utils/Asn1Decode.sol:23:16
   |
23 |         return uint80(self >> 160);
   |                ^^^^^^^^^^^^^^^^^^^
   |
   = note: consider disabling this lint if you're certain the cast is safe
           
           // casting to 'uint80' is safe because [explain why]
           // forge-lint: disable-next-line(unsafe-typecast)
           
           
   = help: https://book.getfoundry.sh/reference/forge/forge-lint#unsafe-typecast

note[unaliased-plain-import]: use named imports '{A, B}' or alias 'import ".." as X'
 --> test/identity/AutomataEnclaveIdentityTest.t.sol:5:8
  |
5 | import "./IdentityConstants.t.sol";
  |        ^^^^^^^^^^^^^^^^^^^^^^^^^^^
  |
  = help: https://book.getfoundry.sh/reference/forge/forge-lint#unaliased-plain-import

note[unaliased-plain-import]: use named imports '{A, B}' or alias 'import ".." as X'
 --> test/tcb/AutomataTcbDaoV2LiveTest.t.sol:4:8
  |
4 | import "../pcs/PCSSetupBase.t.sol";
  |        ^^^^^^^^^^^^^^^^^^^^^^^^^^^
  |
  = help: https://book.getfoundry.sh/reference/forge/forge-lint#unaliased-plain-import

note[mixed-case-variable]: mutable variables should use mixedCase
  --> src/bases/FmspcTcbDao.sol:49:27
   |
49 |     FmspcTcbHelper public FmspcTcbLib;
   |                           ^^^^^^^^^^^ help: consider using: `fmspcTcbLib`
   |
   = help: https://book.getfoundry.sh/reference/forge/forge-lint#mixed-case-variable

note[mixed-case-function]: function names should use mixedCase
   --> src/bases/FmspcTcbDao.sol:100:14
    |
100 |     function FMSPC_TCB_KEY(uint8 tcbType, bytes6 fmspc, uint32 version) public view virtual returns (bytes32 key) {
    |              ^^^^^^^^^^^^^ help: consider using: `fmspcTcbKey`
    |
    = help: https://book.getfoundry.sh/reference/forge/forge-lint#mixed-case-function

note[unused-import]: unused imports should be removed
 --> src/automata_pccs/AutomataEnclaveIdentityDao.sol:4:29
  |
4 | import {EnclaveIdentityDao, PcsDao, DaoBase} from "../bases/EnclaveIdentityDao.sol";
  |                             ^^^^^^
  |
  = help: https://book.getfoundry.sh/reference/forge/forge-lint#unused-import

warning[unsafe-typecast]: typecasts that can truncate values should be checked
  --> src/automata_pccs/AutomataEnclaveIdentityDao.sol:48:34
   |
48 |             issueDateTimestamp = uint64(slot >> 192);
   |                                  ^^^^^^^^^^^^^^^^^^^
   |
   = note: consider disabling this lint if you're certain the cast is safe
           
           // casting to 'uint64' is safe because [explain why]
           // forge-lint: disable-next-line(unsafe-typecast)
           
           
   = help: https://book.getfoundry.sh/reference/forge/forge-lint#unsafe-typecast

warning[unsafe-typecast]: typecasts that can truncate values should be checked
   --> src/bases/FmspcTcbDao.sol:121:52
    |
121 |             _onFetchDataFromResolver(FMSPC_TCB_KEY(uint8(tcbType), fmspcBytes, uint32(version)), false);
    |                                                    ^^^^^^^^^^^^^^
    |
    = note: consider disabling this lint if you're certain the cast is safe
            
            // casting to 'uint8' is safe because [explain why]
            // forge-lint: disable-next-line(unsafe-typecast)
            
            
    = help: https://book.getfoundry.sh/reference/forge/forge-lint#unsafe-typecast

warning[unsafe-typecast]: typecasts that can truncate values should be checked
   --> src/bases/FmspcTcbDao.sol:121:80
    |
121 |             _onFetchDataFromResolver(FMSPC_TCB_KEY(uint8(tcbType), fmspcBytes, uint32(version)), false);
    |                                                                                ^^^^^^^^^^^^^^^
    |
    = note: consider disabling this lint if you're certain the cast is safe
            
            // casting to 'uint32' is safe because [explain why]
            // forge-lint: disable-next-line(unsafe-typecast)
            
            
    = help: https://book.getfoundry.sh/reference/forge/forge-lint#unsafe-typecast

warning[unsafe-typecast]: typecasts that can truncate values should be checked
  --> src/automata_pccs/AutomataEnclaveIdentityDao.sol:49:35
   |
49 |             nextUpdateTimestamp = uint64(slot >> 128);
   |                                   ^^^^^^^^^^^^^^^^^^^
   |
   = note: consider disabling this lint if you're certain the cast is safe
           
           // casting to 'uint64' is safe because [explain why]
           // forge-lint: disable-next-line(unsafe-typecast)
           
           
   = help: https://book.getfoundry.sh/reference/forge/forge-lint#unsafe-typecast

warning[unsafe-typecast]: typecasts that can truncate values should be checked
  --> src/automata_pccs/AutomataEnclaveIdentityDao.sol:50:36
   |
50 |             evaluationDataNumber = uint32(slot);
   |                                    ^^^^^^^^^^^^
   |
   = note: consider disabling this lint if you're certain the cast is safe
           
           // casting to 'uint32' is safe because [explain why]
           // forge-lint: disable-next-line(unsafe-typecast)
           
           
   = help: https://book.getfoundry.sh/reference/forge/forge-lint#unsafe-typecast

note[screaming-snake-case-const]: constants should use SCREAMING_SNAKE_CASE
  --> test/misc/X509HelperTest.t.sol:15:20
   |
15 |     bytes constant samplePlatformCaDer =
   |                    ^^^^^^^^^^^^^^^^^^^ help: consider using: `SAMPLE_PLATFORM_CA_DER`
   |
   = help: https://book.getfoundry.sh/reference/forge/forge-lint#screaming-snake-case-const

note[mixed-case-variable]: mutable variables should use mixedCase
  --> src/bases/PckDao.sol:73:19
   |
73 |     PcsDao public Pcs;
   |                   ^^^ help: consider using: `pcs`
   |
   = help: https://book.getfoundry.sh/reference/forge/forge-lint#mixed-case-variable

note[mixed-case-variable]: mutable variables should use mixedCase
  --> test/identity/AutomataEnclaveIdentityTest.t.sol:39:23
   |
39 |         string memory id_td_qe_0 =
   |                       ^^^^^^^^^^ help: consider using: `idTdQe0`
   |
   = help: https://book.getfoundry.sh/reference/forge/forge-lint#mixed-case-variable

warning[unsafe-typecast]: typecasts that can truncate values should be checked
   --> test/mock/MockTcbDao.sol:107:35
    |
107 |             nextUpdateTimestamp = uint64(slot >> 128);
    |                                   ^^^^^^^^^^^^^^^^^^^
    |
    = note: consider disabling this lint if you're certain the cast is safe
            
            // casting to 'uint64' is safe because [explain why]
            // forge-lint: disable-next-line(unsafe-typecast)
            
            
    = help: https://book.getfoundry.sh/reference/forge/forge-lint#unsafe-typecast

note[mixed-case-variable]: mutable variables should use mixedCase
  --> test/identity/AutomataEnclaveIdentityTest.t.sol:41:22
   |
41 |         bytes memory sig_0 =
   |                      ^^^^^ help: consider using: `sig0`
   |
   = help: https://book.getfoundry.sh/reference/forge/forge-lint#mixed-case-variable

note[unaliased-plain-import]: use named imports '{A, B}' or alias 'import ".." as X'
 --> test/tcb/TCBMockTest.t.sol:4:8
  |
4 | import "../pcs/PCSSetupBase.t.sol";
  |        ^^^^^^^^^^^^^^^^^^^^^^^^^^^
  |
  = help: https://book.getfoundry.sh/reference/forge/forge-lint#unaliased-plain-import

note[unsafe-cheatcode]: usage of unsafe cheatcodes that can perform dangerous operations
  --> test/tcb/AutomataTcbDaoV2LiveTest.t.sol:76:32
   |
76 |         string memory raw = vm.readFile("test/tcb/fixtures/live_intel_eval19_inner.txt");
   |                                ^^^^^^^^
   |
   = help: https://book.getfoundry.sh/reference/forge/forge-lint#unsafe-cheatcode

note[unsafe-cheatcode]: usage of unsafe cheatcodes that can perform dangerous operations
  --> test/tcb/AutomataTcbDaoV2LiveTest.t.sol:77:35
   |
77 |         string memory sigHex = vm.readFile("test/tcb/fixtures/live_intel_eval19_sig.txt");
   |                                   ^^^^^^^^
   |
   = help: https://book.getfoundry.sh/reference/forge/forge-lint#unsafe-cheatcode

note[screaming-snake-case-const]: constants should use SCREAMING_SNAKE_CASE
  --> test/misc/X509HelperTest.t.sol:17:20
   |
17 |     bytes constant samplePlatformCrlDer =
   |                    ^^^^^^^^^^^^^^^^^^^^ help: consider using: `SAMPLE_PLATFORM_CRL_DER`
   |
   = help: https://book.getfoundry.sh/reference/forge/forge-lint#screaming-snake-case-const

note[unaliased-plain-import]: use named imports '{A, B}' or alias 'import ".." as X'
 --> test/tcb/TCBMockTest.t.sol:5:8
  |
5 | import "../mock/MockTcbDao.sol";
  |        ^^^^^^^^^^^^^^^^^^^^^^^^
  |
  = help: https://book.getfoundry.sh/reference/forge/forge-lint#unaliased-plain-import

note[mixed-case-variable]: mutable variables should use mixedCase
  --> src/automata_pccs/shared/AutomataDaoStorageV2.sol:16:30
   |
16 |     mapping(address => bool) _authorized_writers;
   |                              ^^^^^^^^^^^^^^^^^^^ help: consider using: `_authorizedWriters`
   |
   = help: https://book.getfoundry.sh/reference/forge/forge-lint#mixed-case-variable

note[unused-import]: unused imports should be removed
  --> test/tcb/AutomataTcbDaoV2LiveTest.t.sol:11:9
   |
11 | import {FmspcTcbDaoV2} from "../../src/bases/FmspcTcbDaoV2.sol";
   |         ^^^^^^^^^^^^^
   |
   = help: https://book.getfoundry.sh/reference/forge/forge-lint#unused-import

note[unused-import]: unused imports should be removed
  --> test/tcb/AutomataTcbDaoV2LiveTest.t.sol:12:9
   |
12 | import {TcbInfoJsonObj, TCBLevelsObj, TcbId} from "../../src/helpers/FmspcTcbHelper.sol";
   |         ^^^^^^^^^^^^^^
   |
   = help: https://book.getfoundry.sh/reference/forge/forge-lint#unused-import

note[unaliased-plain-import]: use named imports '{A, B}' or alias 'import ".." as X'
 --> test/tcb/AutomataTcbDaoVersionedTest.t.sol:4:8
  |
4 | import "../pcs/PCSSetupBase.t.sol";
  |        ^^^^^^^^^^^^^^^^^^^^^^^^^^^
  |
  = help: https://book.getfoundry.sh/reference/forge/forge-lint#unaliased-plain-import

note[mixed-case-function]: function names should use mixedCase
  --> src/bases/PckDao.sol:77:14
   |
77 |     modifier pckCACheck(CA ca) {
   |              ^^^^^^^^^^ help: consider using: `pckCaCheck`
   |
   = help: https://book.getfoundry.sh/reference/forge/forge-lint#mixed-case-function

warning[unsafe-typecast]: typecasts that can truncate values should be checked
   --> src/utils/Asn1Decode.sol:189:34
    |
189 |             ixFirstContentByte = uint80(ix + 2);
    |                                  ^^^^^^^^^^^^^^
    |
    = note: consider disabling this lint if you're certain the cast is safe
            
            // casting to 'uint80' is safe because [explain why]
            // forge-lint: disable-next-line(unsafe-typecast)
            
            
    = help: https://book.getfoundry.sh/reference/forge/forge-lint#unsafe-typecast

warning[unsafe-typecast]: typecasts that can truncate values should be checked
   --> src/utils/Asn1Decode.sol:190:33
    |
190 |             ixLastContentByte = uint80(ixFirstContentByte + length - 1);
    |                                 ^^^^^^^^^^^^^^^^^^^^^^^^^^^^^^^^^^^^^^^
    |
    = note: consider disabling this lint if you're certain the cast is safe
            
            // casting to 'uint80' is safe because [explain why]
            // forge-lint: disable-next-line(unsafe-typecast)
            
            
    = help: https://book.getfoundry.sh/reference/forge/forge-lint#unsafe-typecast

note[mixed-case-variable]: mutable variables should use mixedCase
  --> src/automata_pccs/shared/AutomataDaoStorageV2.sol:17:30
   |
17 |     mapping(address => bool) _authorized_readers;
   |                              ^^^^^^^^^^^^^^^^^^^ help: consider using: `_authorizedReaders`
   |
   = help: https://book.getfoundry.sh/reference/forge/forge-lint#mixed-case-variable

note[unused-import]: unused imports should be removed
 --> test/tcb/AutomataTcbDaoVersionedTest.t.sol:6:9
  |
6 | import {DaoBase} from "../../src/bases/DaoBase.sol";
  |         ^^^^^^^
  |
  = help: https://book.getfoundry.sh/reference/forge/forge-lint#unused-import

note[unused-import]: unused imports should be removed
  --> test/tcb/AutomataTcbDaoV2LiveTest.t.sol:12:39
   |
12 | import {TcbInfoJsonObj, TCBLevelsObj, TcbId} from "../../src/helpers/FmspcTcbHelper.sol";
   |                                       ^^^^^
   |
   = help: https://book.getfoundry.sh/reference/forge/forge-lint#unused-import

warning[unsafe-typecast]: typecasts that can truncate values should be checked
   --> src/utils/Asn1Decode.sol:207:34
    |
207 |             ixFirstContentByte = uint80(ix + 2 + lengthbytesLength);
    |                                  ^^^^^^^^^^^^^^^^^^^^^^^^^^^^^^^^^^
    |
    = note: consider disabling this lint if you're certain the cast is safe
            
            // casting to 'uint80' is safe because [explain why]
            // forge-lint: disable-next-line(unsafe-typecast)
            
            
    = help: https://book.getfoundry.sh/reference/forge/forge-lint#unsafe-typecast

warning[unsafe-typecast]: typecasts that can truncate values should be checked
   --> src/utils/Asn1Decode.sol:208:33
    |
208 |             ixLastContentByte = uint80(ixFirstContentByte + length - 1);
    |                                 ^^^^^^^^^^^^^^^^^^^^^^^^^^^^^^^^^^^^^^^
    |
    = note: consider disabling this lint if you're certain the cast is safe
            
            // casting to 'uint80' is safe because [explain why]
            // forge-lint: disable-next-line(unsafe-typecast)
            
            
    = help: https://book.getfoundry.sh/reference/forge/forge-lint#unsafe-typecast

note[mixed-case-function]: function names should use mixedCase
  --> src/bases/PckDao.sol:93:14
   |
93 |     function PCK_KEY(bytes16 qeidBytes, bytes2 pceidBytes, bytes18 tcbmBytes) public pure returns (bytes32 key) {
   |              ^^^^^^^ help: consider using: `pckKey`
   |
   = help: https://book.getfoundry.sh/reference/forge/forge-lint#mixed-case-function

note[mixed-case-function]: function names should use mixedCase
  --> src/bases/PckDao.sol:97:14
   |
97 |     function TCB_MAPPING_KEY(bytes16 qeid, bytes2 pceid, bytes16 platformCpuSvn, bytes2 platformPceSvn)
   |              ^^^^^^^^^^^^^^^ help: consider using: `tcbMappingKey`
   |
   = help: https://book.getfoundry.sh/reference/forge/forge-lint#mixed-case-function

warning[unsafe-typecast]: typecasts that can truncate values should be checked
   --> test/mock/MockTcbDao.sol:108:36
    |
108 |             evaluationDataNumber = uint32(slot);
    |                                    ^^^^^^^^^^^^
    |
    = note: consider disabling this lint if you're certain the cast is safe
            
            // casting to 'uint32' is safe because [explain why]
            // forge-lint: disable-next-line(unsafe-typecast)
            
            
    = help: https://book.getfoundry.sh/reference/forge/forge-lint#unsafe-typecast

warning[unsafe-typecast]: typecasts that can truncate values should be checked
   --> src/helpers/EnclaveIdentityHelper.sol:121:46
    |
121 |                 identity.miscselect = bytes4(uint32(val));
    |                                              ^^^^^^^^^^^
    |
    = note: consider disabling this lint if you're certain the cast is safe
            
            // casting to 'uint32' is safe because [explain why]
            // forge-lint: disable-next-line(unsafe-typecast)
            
            
    = help: https://book.getfoundry.sh/reference/forge/forge-lint#unsafe-typecast

note[unused-import]: unused imports should be removed
 --> src/bases/PckDao.sol:6:24
  |
6 | import {X509CRLHelper, X509CRLObj} from "../helpers/X509CRLHelper.sol";
  |                        ^^^^^^^^^^
  |
  = help: https://book.getfoundry.sh/reference/forge/forge-lint#unused-import

note[screaming-snake-case-const]: constants should use SCREAMING_SNAKE_CASE
  --> test/misc/X509HelperTest.t.sol:19:20
   |
19 |     bytes constant samplePckDer =
   |                    ^^^^^^^^^^^^ help: consider using: `SAMPLE_PCK_DER`
   |
   = help: https://book.getfoundry.sh/reference/forge/forge-lint#screaming-snake-case-const

note[unaliased-plain-import]: use named imports '{A, B}' or alias 'import ".." as X'
 --> test/tcb/TCBHelperTest.t.sol:4:8
  |
4 | import "forge-std/Test.sol";
  |        ^^^^^^^^^^^^^^^^^^^^
  |
  = help: https://book.getfoundry.sh/reference/forge/forge-lint#unaliased-plain-import

note[named-struct-fields]: prefer initializing structs with named fields
  --> test/tcb/AutomataTcbDaoV2LiveTest.t.sol:95:22
   |
95 |             ranges = TcbInfoRanges(a, b, c, d);
   |                      ^^^^^^^^^^^^^^^^^^^^^^^^^ help: consider using named fields: `TcbInfoRanges({ tcbLevelsArrayStart: a, tcbLevelsArrayEnd: b, tdxModuleIdentitiesArrayStart: c, tdxModuleIdentitiesArrayEnd: d })`
   |
   = help: https://book.getfoundry.sh/reference/forge/forge-lint#named-struct-fields

note[unaliased-plain-import]: use named imports '{A, B}' or alias 'import ".." as X'
 --> test/DumpPacked.t.sol:3:8
  |
3 | import "forge-std/Test.sol";
  |        ^^^^^^^^^^^^^^^^^^^^
  |
  = help: https://book.getfoundry.sh/reference/forge/forge-lint#unaliased-plain-import

warning[unsafe-typecast]: typecasts that can truncate values should be checked
   --> src/helpers/EnclaveIdentityHelper.sol:124:50
    |
124 |                 identity.miscselectMask = bytes4(uint32(val));
    |                                                  ^^^^^^^^^^^
    |
    = note: consider disabling this lint if you're certain the cast is safe
            
            // casting to 'uint32' is safe because [explain why]
            // forge-lint: disable-next-line(unsafe-typecast)
            
            
    = help: https://book.getfoundry.sh/reference/forge/forge-lint#unsafe-typecast

warning[unsafe-typecast]: typecasts that can truncate values should be checked
   --> src/helpers/EnclaveIdentityHelper.sol:127:47
    |
127 |                 identity.attributes = bytes16(uint128(val));
    |                                               ^^^^^^^^^^^^
    |
    = note: consider disabling this lint if you're certain the cast is safe
            
            // casting to 'uint128' is safe because [explain why]
            // forge-lint: disable-next-line(unsafe-typecast)
            
            
    = help: https://book.getfoundry.sh/reference/forge/forge-lint#unsafe-typecast

warning[unsafe-typecast]: typecasts that can truncate values should be checked
   --> src/helpers/EnclaveIdentityHelper.sol:130:51
    |
130 |                 identity.attributesMask = bytes16(uint128(val));
    |                                                   ^^^^^^^^^^^^
    |
    = note: consider disabling this lint if you're certain the cast is safe
            
            // casting to 'uint128' is safe because [explain why]
            // forge-lint: disable-next-line(unsafe-typecast)
            
            
    = help: https://book.getfoundry.sh/reference/forge/forge-lint#unsafe-typecast

note[unwrapped-modifier-logic]: wrap modifier logic to reduce code size
  --> src/automata_pccs/shared/AutomataDaoStorageV2.sol:33:5
   |
33 | /     modifier onlyDao(address dao) {
34 | |         require(_authorized_writers[dao], "FORBIDDEN");
35 | |         _;
36 | |     }
   | |_____^
   |
help: wrap modifier logic to reduce code size
   |
33 ~     modifier onlyDao(address dao) {
34 +         _onlyDao(dao);
35 +         _;
36 +     }
37 + 
38 +     function _onlyDao(address dao) internal {
39 +         require(_authorized_writers[dao], "FORBIDDEN");
40 +     }
   |
   = help: https://book.getfoundry.sh/reference/forge/forge-lint#unwrapped-modifier-logic

note[mixed-case-variable]: mutable variables should use mixedCase
  --> test/identity/AutomataEnclaveIdentityTest.t.sol:44:23
   |
44 |         string memory id_td_qe_1 =
   |                       ^^^^^^^^^^ help: consider using: `idTdQe1`
   |
   = help: https://book.getfoundry.sh/reference/forge/forge-lint#mixed-case-variable

note[unaliased-plain-import]: use named imports '{A, B}' or alias 'import ".." as X'
 --> test/tcb/TCBHelperTest.t.sol:6:8
  |
6 | import "../../src/helpers/FmspcTcbHelper.sol";
  |        ^^^^^^^^^^^^^^^^^^^^^^^^^^^^^^^^^^^^^^
  |
  = help: https://book.getfoundry.sh/reference/forge/forge-lint#unaliased-plain-import

note[unaliased-plain-import]: use named imports '{A, B}' or alias 'import ".." as X'
 --> script/automata/versioned/DeployAutomataVersioned.s.sol:4:8
  |
4 | import "../../utils/P256Configuration.sol";
  |        ^^^^^^^^^^^^^^^^^^^^^^^^^^^^^^^^^^^
  |
  = help: https://book.getfoundry.sh/reference/forge/forge-lint#unaliased-plain-import

note[unaliased-plain-import]: use named imports '{A, B}' or alias 'import ".." as X'
 --> test/tcb/TCBHelperTest.t.sol:7:8
  |
7 | import "./TCBConstants.t.sol";
  |        ^^^^^^^^^^^^^^^^^^^^^^
  |
  = help: https://book.getfoundry.sh/reference/forge/forge-lint#unaliased-plain-import

note[mixed-case-function]: function names should use mixedCase
   --> src/helpers/X509Helper.sol:168:14
    |
168 |     function parseX509DER(bytes calldata der) external pure returns (X509CertObj memory cert) {
    |              ^^^^^^^^^^^^ help: consider using: `parseX509der`
    |
    = help: https://book.getfoundry.sh/reference/forge/forge-lint#mixed-case-function

note[mixed-case-variable]: mutable variables should use mixedCase
  --> test/identity/AutomataEnclaveIdentityTest.t.sol:46:22
   |
46 |         bytes memory sig_1 =
   |                      ^^^^^ help: consider using: `sig1`
   |
   = help: https://book.getfoundry.sh/reference/forge/forge-lint#mixed-case-variable

note[asm-keccak256]: use of inefficient hashing mechanism; consider using inline assembly
   --> src/automata_pccs/shared/AutomataDaoStorageV2.sol:175:21
    |
175 |         bytes32 k = keccak256(abi.encodePacked(qeid, pceid));
    |                     ^^^^^^^^^^^^^^^^^^^^^^^^^^^^^^^^^^^^^^^^
    |
    = help: https://book.getfoundry.sh/reference/forge/forge-lint#asm-keccak256

note[unwrapped-modifier-logic]: wrap modifier logic to reduce code size
  --> src/bases/PckDao.sol:77:5
   |
77 | /     modifier pckCACheck(CA ca) {
78 | |         if (ca == CA.ROOT || ca == CA.SIGNING) {
79 | |             revert Invalid_PCK_CA(ca);
...  |
82 | |     }
   | |_____^
   |
help: wrap modifier logic to reduce code size
   |
77 ~     modifier pckCACheck(CA ca) {
78 +         _pckCACheck(ca);
79 +         _;
80 +     }
81 + 
82 +     function _pckCACheck(CA ca) internal {
83 +         if (ca == CA.ROOT || ca == CA.SIGNING) {
84 +             revert Invalid_PCK_CA(ca);
85 +         }
86 +     }
   |
   = help: https://book.getfoundry.sh/reference/forge/forge-lint#unwrapped-modifier-logic

note[mixed-case-variable]: mutable variables should use mixedCase
  --> test/misc/X509HelperTest.t.sol:41:22
   |
41 |         bytes memory crl_akid = X509_CRL.getAuthorityKeyIdentifier(sampleRootCrlDer);
   |                      ^^^^^^^^ help: consider using: `crlAkid`
   |
   = help: https://book.getfoundry.sh/reference/forge/forge-lint#mixed-case-variable

note[mixed-case-variable]: mutable variables should use mixedCase
  --> test/misc/X509HelperTest.t.sol:42:22
   |
42 |         bytes memory ca_skid = X509.getSubjectKeyIdentifier(sampleRootCaDer);
   |                      ^^^^^^^ help: consider using: `caSkid`
   |
   = help: https://book.getfoundry.sh/reference/forge/forge-lint#mixed-case-variable

note[asm-keccak256]: use of inefficient hashing mechanism; consider using inline assembly
   --> src/automata_pccs/shared/AutomataDaoStorageV2.sol:185:21
    |
185 |         bytes32 k = keccak256(abi.encodePacked(qeid, pceid));
    |                     ^^^^^^^^^^^^^^^^^^^^^^^^^^^^^^^^^^^^^^^^
    |
    = help: https://book.getfoundry.sh/reference/forge/forge-lint#asm-keccak256

note[unaliased-plain-import]: use named imports '{A, B}' or alias 'import ".." as X'
 --> script/automata/versioned/DeployAutomataVersioned.s.sol:5:8
  |
5 | import "../../utils/Salt.sol";
  |        ^^^^^^^^^^^^^^^^^^^^^^
  |
  = help: https://book.getfoundry.sh/reference/forge/forge-lint#unaliased-plain-import

note[unaliased-plain-import]: use named imports '{A, B}' or alias 'import ".." as X'
 --> script/automata/versioned/DeployAutomataVersioned.s.sol:6:8
  |
6 | import "../../utils/DeploymentConfig.sol";
  |        ^^^^^^^^^^^^^^^^^^^^^^^^^^^^^^^^^^
  |
  = help: https://book.getfoundry.sh/reference/forge/forge-lint#unaliased-plain-import

note[unaliased-plain-import]: use named imports '{A, B}' or alias 'import ".." as X'
 --> test/tcb/TCBHelperTest.t.sol:8:8
  |
8 | import "./TDXConstants.t.sol";
  |        ^^^^^^^^^^^^^^^^^^^^^^
  |
  = help: https://book.getfoundry.sh/reference/forge/forge-lint#unaliased-plain-import

note[unsafe-cheatcode]: usage of unsafe cheatcodes that can perform dangerous operations
 --> test/DumpPacked.t.sol:9:32
  |
9 |         string memory raw = vm.readFile("test/tcb/fixtures/live_intel_eval19_inner.txt");
  |                                ^^^^^^^^
  |
  = help: https://book.getfoundry.sh/reference/forge/forge-lint#unsafe-cheatcode

note[unaliased-plain-import]: use named imports '{A, B}' or alias 'import ".." as X'
 --> script/automata/versioned/DeployAutomataVersioned.s.sol:7:8
  |
7 | import "../../utils/Multichain.sol";
  |        ^^^^^^^^^^^^^^^^^^^^^^^^^^^^
  |
  = help: https://book.getfoundry.sh/reference/forge/forge-lint#unaliased-plain-import

note[mixed-case-variable]: mutable variables should use mixedCase
  --> test/misc/X509HelperTest.t.sol:66:22
   |
66 |         bytes memory crl_akid = X509_CRL.getAuthorityKeyIdentifier(samplePlatformCrlDer);
   |                      ^^^^^^^^ help: consider using: `crlAkid`
   |
   = help: https://book.getfoundry.sh/reference/forge/forge-lint#mixed-case-variable

note[unused-import]: unused imports should be removed
 --> test/identity/AutomataEnclaveIdentityTest.t.sol:6:9
  |
6 | import {AutomataEnclaveIdentityDao} from "../../src/automata_pccs/AutomataEnclaveIdentityDao.sol";
  |         ^^^^^^^^^^^^^^^^^^^^^^^^^^
  |
  = help: https://book.getfoundry.sh/reference/forge/forge-lint#unused-import

warning[unsafe-typecast]: typecasts that can truncate values should be checked
   --> src/bases/PckDao.sol:379:29
    |
379 |         bool pceidMatched = bytes2(pceidBytes) == pceid;
    |                             ^^^^^^^^^^^^^^^^^^
    |
    = note: consider disabling this lint if you're certain the cast is safe
            
            // casting to 'bytes2' is safe because [explain why]
            // forge-lint: disable-next-line(unsafe-typecast)
            
            
    = help: https://book.getfoundry.sh/reference/forge/forge-lint#unsafe-typecast

note[unaliased-plain-import]: use named imports '{A, B}' or alias 'import ".." as X'
 --> script/automata/versioned/ConfigAutomataDaoVersioned.s.sol:4:8
  |
4 | import "../../utils/DeploymentConfig.sol";
  |        ^^^^^^^^^^^^^^^^^^^^^^^^^^^^^^^^^^
  |
  = help: https://book.getfoundry.sh/reference/forge/forge-lint#unaliased-plain-import

warning[unsafe-typecast]: typecasts that can truncate values should be checked
   --> src/helpers/X509Helper.sol:222:26
    |
222 |         serial = uint256(bytes32(serialBytes) >> shift);
    |                          ^^^^^^^^^^^^^^^^^^^^
    |
    = note: consider disabling this lint if you're certain the cast is safe
            
            // casting to 'bytes32' is safe because [explain why]
            // forge-lint: disable-next-line(unsafe-typecast)
            
            
    = help: https://book.getfoundry.sh/reference/forge/forge-lint#unsafe-typecast

note[mixed-case-variable]: mutable variables should use mixedCase
  --> test/misc/X509HelperTest.t.sol:67:22
   |
67 |         bytes memory ca_skid = X509.getSubjectKeyIdentifier(samplePlatformCaDer);
   |                      ^^^^^^^ help: consider using: `caSkid`
   |
   = help: https://book.getfoundry.sh/reference/forge/forge-lint#mixed-case-variable

note[mixed-case-variable]: mutable variables should use mixedCase
  --> test/misc/X509HelperTest.t.sol:76:22
   |
76 |         bytes memory platform_crl_akid = X509_CRL.getAuthorityKeyIdentifier(samplePlatformCrlDer);
   |                      ^^^^^^^^^^^^^^^^^ help: consider using: `platformCrlAkid`
   |
   = help: https://book.getfoundry.sh/reference/forge/forge-lint#mixed-case-variable

note[mixed-case-variable]: mutable variables should use mixedCase
  --> test/misc/X509HelperTest.t.sol:77:22
   |
77 |         bytes memory platform_ca_skid = X509.getSubjectKeyIdentifier(samplePlatformCaDer);
   |                      ^^^^^^^^^^^^^^^^ help: consider using: `platformCaSkid`
   |
   = help: https://book.getfoundry.sh/reference/forge/forge-lint#mixed-case-variable

note[unaliased-plain-import]: use named imports '{A, B}' or alias 'import ".." as X'
 --> script/automata/versioned/ConfigAutomataDaoVersioned.s.sol:5:8
  |
5 | import "../../utils/Multichain.sol";
  |        ^^^^^^^^^^^^^^^^^^^^^^^^^^^^
  |
  = help: https://book.getfoundry.sh/reference/forge/forge-lint#unaliased-plain-import

note[mixed-case-variable]: mutable variables should use mixedCase
  --> src/automata_pccs/shared/AutomataDaoStorage.sol:15:30
   |
15 |     mapping(address => bool) _authorized_writers;
   |                              ^^^^^^^^^^^^^^^^^^^ help: consider using: `_authorizedWriters`
   |
   = help: https://book.getfoundry.sh/reference/forge/forge-lint#mixed-case-variable

note[mixed-case-variable]: mutable variables should use mixedCase
  --> src/automata_pccs/shared/AutomataDaoStorage.sol:16:30
   |
16 |     mapping(address => bool) _authorized_readers;
   |                              ^^^^^^^^^^^^^^^^^^^ help: consider using: `_authorizedReaders`
   |
   = help: https://book.getfoundry.sh/reference/forge/forge-lint#mixed-case-variable

note[unaliased-plain-import]: use named imports '{A, B}' or alias 'import ".." as X'
 --> script/automata/ConfigAutomataDao.s.sol:4:8
  |
4 | import "../utils/DeploymentConfig.sol";
  |        ^^^^^^^^^^^^^^^^^^^^^^^^^^^^^^^
  |
  = help: https://book.getfoundry.sh/reference/forge/forge-lint#unaliased-plain-import

note[pascal-case-struct]: structs should use PascalCase
  --> src/helpers/FmspcTcbHelper.sol:49:8
   |
49 | struct TCBLevelsObj {
   |        ^^^^^^^^^^^^ help: consider using: `TcbLevelsObj`
   |
   = help: https://book.getfoundry.sh/reference/forge/forge-lint#pascal-case-struct

note[mixed-case-variable]: mutable variables should use mixedCase
  --> test/misc/X509HelperTest.t.sol:79:22
   |
79 |         bytes memory root_crl_akid = X509_CRL.getAuthorityKeyIdentifier(sampleRootCrlDer);
   |                      ^^^^^^^^^^^^^ help: consider using: `rootCrlAkid`
   |
   = help: https://book.getfoundry.sh/reference/forge/forge-lint#mixed-case-variable

note[mixed-case-variable]: mutable variables should use mixedCase
  --> test/misc/X509HelperTest.t.sol:80:22
   |
80 |         bytes memory root_ca_skid = X509.getSubjectKeyIdentifier(sampleRootCaDer);
   |                      ^^^^^^^^^^^^ help: consider using: `rootCaSkid`
   |
   = help: https://book.getfoundry.sh/reference/forge/forge-lint#mixed-case-variable

note[unwrapped-modifier-logic]: wrap modifier logic to reduce code size
  --> src/automata_pccs/shared/AutomataDaoStorage.sol:22:5
   |
22 | /     modifier onlyDao(address dao) {
23 | |         require(_authorized_writers[dao], "FORBIDDEN");
24 | |         _;
25 | |     }
   | |_____^
   |
help: wrap modifier logic to reduce code size
   |
22 ~     modifier onlyDao(address dao) {
23 +         _onlyDao(dao);
24 +         _;
25 +     }
26 + 
27 +     function _onlyDao(address dao) internal {
28 +         require(_authorized_writers[dao], "FORBIDDEN");
29 +     }
   |
   = help: https://book.getfoundry.sh/reference/forge/forge-lint#unwrapped-modifier-logic

note[unaliased-plain-import]: use named imports '{A, B}' or alias 'import ".." as X'
 --> script/automata/ConfigAutomataDao.s.sol:5:8
  |
5 | import "../utils/Multichain.sol";
  |        ^^^^^^^^^^^^^^^^^^^^^^^^^
  |
  = help: https://book.getfoundry.sh/reference/forge/forge-lint#unaliased-plain-import

note[mixed-case-function]: function names should use mixedCase
  --> src/interfaces/IPcsDao.sol:18:14
   |
18 |     function upsertRootCACrl(bytes calldata rootcacrl) external returns (bytes32 attestationId);
   |              ^^^^^^^^^^^^^^^ help: consider using: `upsertRootCaCrl`
   |
   = help: https://book.getfoundry.sh/reference/forge/forge-lint#mixed-case-function

warning[unsafe-typecast]: typecasts that can truncate values should be checked
   --> src/bases/PckDao.sol:386:35
    |
386 |         bool tcbIsValid = tcbm == bytes18(encodedTcbmBytes);
    |                                   ^^^^^^^^^^^^^^^^^^^^^^^^^
    |
    = note: consider disabling this lint if you're certain the cast is safe
            
            // casting to 'bytes18' is safe because [explain why]
            // forge-lint: disable-next-line(unsafe-typecast)
            
            
    = help: https://book.getfoundry.sh/reference/forge/forge-lint#unsafe-typecast

warning[unsafe-typecast]: typecasts that can truncate values should be checked
  --> src/helpers/TcbEvalHelper.sol:75:50
   |
75 |             numbers[i].tcbEvaluationDataNumber = uint32(slot >> 224);
   |                                                  ^^^^^^^^^^^^^^^^^^^
   |
   = note: consider disabling this lint if you're certain the cast is safe
           
           // casting to 'uint32' is safe because [explain why]
           // forge-lint: disable-next-line(unsafe-typecast)
           
           
   = help: https://book.getfoundry.sh/reference/forge/forge-lint#unsafe-typecast

note[asm-keccak256]: use of inefficient hashing mechanism; consider using inline assembly
   --> src/automata_pccs/shared/AutomataDaoStorage.sol:122:21
    |
122 |         bytes32 k = keccak256(abi.encodePacked(qeid, pceid));
    |                     ^^^^^^^^^^^^^^^^^^^^^^^^^^^^^^^^^^^^^^^^
    |
    = help: https://book.getfoundry.sh/reference/forge/forge-lint#asm-keccak256

note[asm-keccak256]: use of inefficient hashing mechanism; consider using inline assembly
   --> src/automata_pccs/shared/AutomataDaoStorage.sol:132:21
    |
132 |         bytes32 k = keccak256(abi.encodePacked(qeid, pceid));
    |                     ^^^^^^^^^^^^^^^^^^^^^^^^^^^^^^^^^^^^^^^^
    |
    = help: https://book.getfoundry.sh/reference/forge/forge-lint#asm-keccak256

note[unaliased-plain-import]: use named imports '{A, B}' or alias 'import ".." as X'
 --> test/pcs/AutomataPckDaoTest.t.sol:4:8
  |
4 | import "../pcs/PCSSetupBase.t.sol";
  |        ^^^^^^^^^^^^^^^^^^^^^^^^^^^
  |
  = help: https://book.getfoundry.sh/reference/forge/forge-lint#unaliased-plain-import

note[mixed-case-function]: function names should use mixedCase
  --> src/bases/PcsDao.sol:88:14
   |
88 |     function PCS_KEY(CA ca, bool isCrl) public pure returns (bytes32 key) {
   |              ^^^^^^^ help: consider using: `pcsKey`
   |
   = help: https://book.getfoundry.sh/reference/forge/forge-lint#mixed-case-function

note[pascal-case-struct]: structs should use PascalCase
  --> src/helpers/FmspcTcbHelper.sol:58:8
   |
58 | struct TDXModule {
   |        ^^^^^^^^^ help: consider using: `TdxModule`
   |
   = help: https://book.getfoundry.sh/reference/forge/forge-lint#pascal-case-struct

warning[unsafe-typecast]: typecasts that can truncate values should be checked
  --> src/helpers/TcbEvalHelper.sol:76:47
   |
76 |             numbers[i].tcbRecoveryEventDate = uint64(slot >> 160);
   |                                               ^^^^^^^^^^^^^^^^^^^
   |
   = note: consider disabling this lint if you're certain the cast is safe
           
           // casting to 'uint64' is safe because [explain why]
           // forge-lint: disable-next-line(unsafe-typecast)
           
           
   = help: https://book.getfoundry.sh/reference/forge/forge-lint#unsafe-typecast

warning[unsafe-typecast]: typecasts that can truncate values should be checked
  --> src/helpers/TcbEvalHelper.sol:77:34
   |
77 |             numbers[i].tcbDate = uint64(slot >> 96);
   |                                  ^^^^^^^^^^^^^^^^^^
   |
   = note: consider disabling this lint if you're certain the cast is safe
           
           // casting to 'uint64' is safe because [explain why]
           // forge-lint: disable-next-line(unsafe-typecast)
           
           
   = help: https://book.getfoundry.sh/reference/forge/forge-lint#unsafe-typecast

warning[unsafe-typecast]: typecasts that can truncate values should be checked
   --> src/helpers/FmspcTcbHelperV2.sol:118:45
    |
118 | ...                   return (uint32(valStart), uint32(k + 1), count);
    |                               ^^^^^^^^^^^^^^^^
    |
    = note: consider disabling this lint if you're certain the cast is safe
            
            // casting to 'uint32' is safe because [explain why]
            // forge-lint: disable-next-line(unsafe-typecast)
            
            
    = help: https://book.getfoundry.sh/reference/forge/forge-lint#unsafe-typecast

warning[unsafe-typecast]: typecasts that can truncate values should be checked
   --> src/helpers/FmspcTcbHelperV2.sol:118:63
    |
118 | ...                   return (uint32(valStart), uint32(k + 1), count);
    |                                                 ^^^^^^^^^^^^^
    |
    = note: consider disabling this lint if you're certain the cast is safe
            
            // casting to 'uint32' is safe because [explain why]
            // forge-lint: disable-next-line(unsafe-typecast)
            
            
    = help: https://book.getfoundry.sh/reference/forge/forge-lint#unsafe-typecast

note[unused-import]: unused imports should be removed
 --> test/DumpPacked.t.sol:4:39
  |
4 | import {FmspcTcbHelper, TCBLevelsObj, TcbInfoBasic} from "../src/helpers/FmspcTcbHelper.sol";
  |                                       ^^^^^^^^^^^^
  |
  = help: https://book.getfoundry.sh/reference/forge/forge-lint#unused-import

note[unaliased-plain-import]: use named imports '{A, B}' or alias 'import ".." as X'
 --> script/automata/DeployAutomataDao.s.sol:4:8
  |
4 | import "../utils/P256Configuration.sol";
  |        ^^^^^^^^^^^^^^^^^^^^^^^^^^^^^^^^
  |
  = help: https://book.getfoundry.sh/reference/forge/forge-lint#unaliased-plain-import

note[unaliased-plain-import]: use named imports '{A, B}' or alias 'import ".." as X'
 --> script/automata/DeployAutomataDao.s.sol:5:8
  |
5 | import "../utils/Salt.sol";
  |        ^^^^^^^^^^^^^^^^^^^
  |
  = help: https://book.getfoundry.sh/reference/forge/forge-lint#unaliased-plain-import

note[pascal-case-struct]: structs should use PascalCase
  --> src/helpers/FmspcTcbHelper.sol:64:8
   |
64 | struct TDXModuleIdentity {
   |        ^^^^^^^^^^^^^^^^^ help: consider using: `TdxModuleIdentity`
   |
   = help: https://book.getfoundry.sh/reference/forge/forge-lint#pascal-case-struct

note[pascal-case-struct]: structs should use PascalCase
  --> src/helpers/X509CRLHelper.sol:12:8
   |
12 | struct X509CRLObj {
   |        ^^^^^^^^^^ help: consider using: `X509crlObj`
   |
   = help: https://book.getfoundry.sh/reference/forge/forge-lint#pascal-case-struct

note[screaming-snake-case-const]: constants should use SCREAMING_SNAKE_CASE
  --> test/pcs/AutomataPckDaoTest.t.sol:10:21
   |
10 |     string constant qeid = "ad04024c9dfb382baf51ca3e5d6cb6e6";
   |                     ^^^^ help: consider using: `QEID`
   |
   = help: https://book.getfoundry.sh/reference/forge/forge-lint#screaming-snake-case-const

warning[unsafe-typecast]: typecasts that can truncate values should be checked
   --> src/helpers/FmspcTcbHelperV2.sol:183:25
    |
183 |         basic.version = uint32(v);
    |                         ^^^^^^^^^
    |
    = note: consider disabling this lint if you're certain the cast is safe
            
            // casting to 'uint32' is safe because [explain why]
            // forge-lint: disable-next-line(unsafe-typecast)
            
            
    = help: https://book.getfoundry.sh/reference/forge/forge-lint#unsafe-typecast

note[unaliased-plain-import]: use named imports '{A, B}' or alias 'import ".." as X'
 --> test/TestSetupBase.t.sol:4:8
  |
4 | import "forge-std/Test.sol";
  |        ^^^^^^^^^^^^^^^^^^^^
  |
  = help: https://book.getfoundry.sh/reference/forge/forge-lint#unaliased-plain-import

note[unaliased-plain-import]: use named imports '{A, B}' or alias 'import ".." as X'
 --> test/TestSetupBase.t.sol:6:8
  |
6 | import "../src/automata_pccs/shared/AutomataDaoStorage.sol";
  |        ^^^^^^^^^^^^^^^^^^^^^^^^^^^^^^^^^^^^^^^^^^^^^^^^^^^^
  |
  = help: https://book.getfoundry.sh/reference/forge/forge-lint#unaliased-plain-import

note[unaliased-plain-import]: use named imports '{A, B}' or alias 'import ".." as X'
 --> test/TestSetupBase.t.sol:7:8
  |
7 | import "../src/automata_pccs/AutomataFmspcTcbDao.sol";
  |        ^^^^^^^^^^^^^^^^^^^^^^^^^^^^^^^^^^^^^^^^^^^^^^
  |
  = help: https://book.getfoundry.sh/reference/forge/forge-lint#unaliased-plain-import

note[unaliased-plain-import]: use named imports '{A, B}' or alias 'import ".." as X'
 --> test/TestSetupBase.t.sol:8:8
  |
8 | import "../src/automata_pccs/AutomataEnclaveIdentityDao.sol";
  |        ^^^^^^^^^^^^^^^^^^^^^^^^^^^^^^^^^^^^^^^^^^^^^^^^^^^^^
  |
  = help: https://book.getfoundry.sh/reference/forge/forge-lint#unaliased-plain-import

note[unaliased-plain-import]: use named imports '{A, B}' or alias 'import ".." as X'
 --> test/TestSetupBase.t.sol:9:8
  |
9 | import "../src/automata_pccs/AutomataPcsDao.sol";
  |        ^^^^^^^^^^^^^^^^^^^^^^^^^^^^^^^^^^^^^^^^^
  |
  = help: https://book.getfoundry.sh/reference/forge/forge-lint#unaliased-plain-import

note[unaliased-plain-import]: use named imports '{A, B}' or alias 'import ".." as X'
  --> test/TestSetupBase.t.sol:10:8
   |
10 | import "../src/automata_pccs/AutomataPckDao.sol";
   |        ^^^^^^^^^^^^^^^^^^^^^^^^^^^^^^^^^^^^^^^^^
   |
   = help: https://book.getfoundry.sh/reference/forge/forge-lint#unaliased-plain-import

note[screaming-snake-case-const]: constants should use SCREAMING_SNAKE_CASE
  --> test/pcs/AutomataPckDaoTest.t.sol:11:21
   |
11 |     string constant pceid = "0000";
   |                     ^^^^^ help: consider using: `PCEID`
   |
   = help: https://book.getfoundry.sh/reference/forge/forge-lint#screaming-snake-case-const

note[unaliased-plain-import]: use named imports '{A, B}' or alias 'import ".." as X'
 --> script/automata/DeployAutomataDao.s.sol:6:8
  |
6 | import "../utils/DeploymentConfig.sol";
  |        ^^^^^^^^^^^^^^^^^^^^^^^^^^^^^^^
  |
  = help: https://book.getfoundry.sh/reference/forge/forge-lint#unaliased-plain-import

note[mixed-case-function]: function names should use mixedCase
  --> src/bases/PcsDao.sol:92:14
   |
92 |     modifier pckCACheck(CA ca) {
   |              ^^^^^^^^^^ help: consider using: `pckCaCheck`
   |
   = help: https://book.getfoundry.sh/reference/forge/forge-lint#mixed-case-function

note[unused-import]: unused imports should be removed
 --> src/automata_pccs/AutomataFmspcTcbDao.sol:4:22
  |
4 | import {FmspcTcbDao, PcsDao, DaoBase} from "../bases/FmspcTcbDao.sol";
  |                      ^^^^^^
  |
  = help: https://book.getfoundry.sh/reference/forge/forge-lint#unused-import

note[unaliased-plain-import]: use named imports '{A, B}' or alias 'import ".." as X'
 --> script/utils/DeploymentConfig.sol:4:8
  |
4 | import "forge-std/Script.sol";
  |        ^^^^^^^^^^^^^^^^^^^^^^
  |
  = help: https://book.getfoundry.sh/reference/forge/forge-lint#unaliased-plain-import

note[pascal-case-struct]: structs should use PascalCase
  --> src/helpers/FmspcTcbHelper.sol:72:8
   |
72 | struct TDXModuleTCBLevelsObj {
   |        ^^^^^^^^^^^^^^^^^^^^^ help: consider using: `TdxModuleTcbLevelsObj`
   |
   = help: https://book.getfoundry.sh/reference/forge/forge-lint#pascal-case-struct

note[mixed-case-function]: function names should use mixedCase
   --> src/helpers/X509CRLHelper.sol:122:14
    |
122 |     function parseCRLDER(bytes calldata der) external pure returns (X509CRLObj memory crl) {
    |              ^^^^^^^^^^^ help: consider using: `parseCrlder`
    |
    = help: https://book.getfoundry.sh/reference/forge/forge-lint#mixed-case-function

note[mixed-case-function]: function names should use mixedCase
   --> src/bases/PcsDao.sol:142:14
    |
142 |     function upsertRootCACrl(bytes calldata rootcacrl) external returns (bytes32 attestationId) {
    |              ^^^^^^^^^^^^^^^ help: consider using: `upsertRootCaCrl`
    |
    = help: https://book.getfoundry.sh/reference/forge/forge-lint#mixed-case-function

warning[unsafe-typecast]: typecasts that can truncate values should be checked
   --> src/helpers/FmspcTcbHelperV2.sol:217:25
    |
217 |         basic.tcbType = uint8(t);
    |                         ^^^^^^^^
    |
    = note: consider disabling this lint if you're certain the cast is safe
            
            // casting to 'uint8' is safe because [explain why]
            // forge-lint: disable-next-line(unsafe-typecast)
            
            
    = help: https://book.getfoundry.sh/reference/forge/forge-lint#unsafe-typecast

note[mixed-case-variable]: mutable variables should use mixedCase
  --> test/TestSetupBase.t.sol:29:13
   |
29 |     address P256_VERIFIER;
   |             ^^^^^^^^^^^^^ help: consider using: `p256Verifier`
   |
   = help: https://book.getfoundry.sh/reference/forge/forge-lint#mixed-case-variable

warning[unsafe-typecast]: typecasts that can truncate values should be checked
  --> src/automata_pccs/AutomataFmspcTcbDao.sol:51:34
   |
51 |             issueDateTimestamp = uint64(slot >> 192);
   |                                  ^^^^^^^^^^^^^^^^^^^
   |
   = note: consider disabling this lint if you're certain the cast is safe
           
           // casting to 'uint64' is safe because [explain why]
           // forge-lint: disable-next-line(unsafe-typecast)
           
           
   = help: https://book.getfoundry.sh/reference/forge/forge-lint#unsafe-typecast

warning[unsafe-typecast]: typecasts that can truncate values should be checked
  --> src/automata_pccs/AutomataFmspcTcbDao.sol:52:35
   |
52 |             nextUpdateTimestamp = uint64(slot >> 128);
   |                                   ^^^^^^^^^^^^^^^^^^^
   |
   = note: consider disabling this lint if you're certain the cast is safe
           
           // casting to 'uint64' is safe because [explain why]
           // forge-lint: disable-next-line(unsafe-typecast)
           
           
   = help: https://book.getfoundry.sh/reference/forge/forge-lint#unsafe-typecast

warning[unsafe-typecast]: typecasts that can truncate values should be checked
  --> src/automata_pccs/AutomataFmspcTcbDao.sol:53:36
   |
53 |             evaluationDataNumber = uint32(slot);
   |                                    ^^^^^^^^^^^^
   |
   = note: consider disabling this lint if you're certain the cast is safe
           
           // casting to 'uint32' is safe because [explain why]
           // forge-lint: disable-next-line(unsafe-typecast)
           
           
   = help: https://book.getfoundry.sh/reference/forge/forge-lint#unsafe-typecast

note[unaliased-plain-import]: use named imports '{A, B}' or alias 'import ".." as X'
 --> script/utils/DeploymentConfig.sol:5:8
  |
5 | import "forge-std/StdJson.sol";
  |        ^^^^^^^^^^^^^^^^^^^^^^^
  |
  = help: https://book.getfoundry.sh/reference/forge/forge-lint#unaliased-plain-import

note[unused-import]: unused imports should be removed
  --> test/TestSetupBase.t.sol:12:32
   |
12 | import {EnclaveIdentityHelper, EnclaveIdentityJsonObj} from "../src/helpers/EnclaveIdentityHelper.sol";
   |                                ^^^^^^^^^^^^^^^^^^^^^^
   |
   = help: https://book.getfoundry.sh/reference/forge/forge-lint#unused-import

note[unused-import]: unused imports should be removed
  --> test/TestSetupBase.t.sol:13:25
   |
13 | import {FmspcTcbHelper, TcbInfoJsonObj} from "../src/helpers/FmspcTcbHelper.sol";
   |                         ^^^^^^^^^^^^^^
   |
   = help: https://book.getfoundry.sh/reference/forge/forge-lint#unused-import

warning[unsafe-typecast]: typecasts that can truncate values should be checked
   --> src/helpers/FmspcTcbHelperV2.sol:222:38
    |
222 |         basic.evaluationDataNumber = uint32(e);
    |                                      ^^^^^^^^^
    |
    = note: consider disabling this lint if you're certain the cast is safe
            
            // casting to 'uint32' is safe because [explain why]
            // forge-lint: disable-next-line(unsafe-typecast)
            
            
    = help: https://book.getfoundry.sh/reference/forge/forge-lint#unsafe-typecast

note[unwrapped-modifier-logic]: wrap modifier logic to reduce code size
  --> src/bases/PcsDao.sol:92:5
   |
92 | /     modifier pckCACheck(CA ca) {
93 | |         if (ca == CA.ROOT || ca == CA.SIGNING) {
94 | |             revert Invalid_PCK_CA(ca);
...  |
97 | |     }
   | |_____^
   |
help: wrap modifier logic to reduce code size
   |
92 ~     modifier pckCACheck(CA ca) {
93 +         _pckCACheck(ca);
94 +         _;
95 +     }
96 + 
97 +     function _pckCACheck(CA ca) internal {
98 +         if (ca == CA.ROOT || ca == CA.SIGNING) {
99 +             revert Invalid_PCK_CA(ca);
100+         }
101+     }
   |
   = help: https://book.getfoundry.sh/reference/forge/forge-lint#unwrapped-modifier-logic

note[unused-import]: unused imports should be removed
 --> src/automata_pccs/AutomataPcsDao.sol:4:17
  |
4 | import {PcsDao, X509CRLHelper, DaoBase} from "../bases/PcsDao.sol";
  |                 ^^^^^^^^^^^^^
  |
  = help: https://book.getfoundry.sh/reference/forge/forge-lint#unused-import

warning[unsafe-typecast]: typecasts that can truncate values should be checked
   --> src/helpers/FmspcTcbHelper.sol:500:50
    |
500 |         tdxModuleTcbLevelsObj.status = TCBStatus(uint8(uint64(tdxTcbPacked & mask)));
    |                                                  ^^^^^^^^^^^^^^^^^^^^^^^^^^^^^^^^^^
    |
    = note: consider disabling this lint if you're certain the cast is safe
            
            // casting to 'uint8' is safe because [explain why]
            // forge-lint: disable-next-line(unsafe-typecast)
            
            
    = help: https://book.getfoundry.sh/reference/forge/forge-lint#unsafe-typecast

warning[unsafe-typecast]: typecasts that can truncate values should be checked
   --> src/helpers/FmspcTcbHelperV2.sol:231:37
    |
231 |                 tdxModuleObjStart = uint32(vp);
    |                                     ^^^^^^^^^^
    |
    = note: consider disabling this lint if you're certain the cast is safe
            
            // casting to 'uint32' is safe because [explain why]
            // forge-lint: disable-next-line(unsafe-typecast)
            
            
    = help: https://book.getfoundry.sh/reference/forge/forge-lint#unsafe-typecast

warning[unsafe-typecast]: typecasts that can truncate values should be checked
   --> src/helpers/FmspcTcbHelper.sol:500:56
    |
500 |         tdxModuleTcbLevelsObj.status = TCBStatus(uint8(uint64(tdxTcbPacked & mask)));
    |                                                        ^^^^^^^^^^^^^^^^^^^^^^^^^^^
    |
    = note: consider disabling this lint if you're certain the cast is safe
            
            // casting to 'uint64' is safe because [explain why]
            // forge-lint: disable-next-line(unsafe-typecast)
            
            
    = help: https://book.getfoundry.sh/reference/forge/forge-lint#unsafe-typecast

warning[unsafe-typecast]: typecasts that can truncate values should be checked
   --> src/helpers/FmspcTcbHelper.sol:502:40
    |
502 |         tdxModuleTcbLevelsObj.isvsvn = uint8(uint64((tdxTcbPacked >> 128) & mask));
    |                                        ^^^^^^^^^^^^^^^^^^^^^^^^^^^^^^^^^^^^^^^^^^^
    |
    = note: consider disabling this lint if you're certain the cast is safe
            
            // casting to 'uint8' is safe because [explain why]
            // forge-lint: disable-next-line(unsafe-typecast)
            
            
    = help: https://book.getfoundry.sh/reference/forge/forge-lint#unsafe-typecast

warning[unsafe-typecast]: typecasts that can truncate values should be checked
   --> src/helpers/FmspcTcbHelper.sol:517:26
    |
517 |                 pcesvn = uint16(value);
    |                          ^^^^^^^^^^^^^
    |
    = note: consider disabling this lint if you're certain the cast is safe
            
            // casting to 'uint16' is safe because [explain why]
            // forge-lint: disable-next-line(unsafe-typecast)
            
            
    = help: https://book.getfoundry.sh/reference/forge/forge-lint#unsafe-typecast

note[unsafe-cheatcode]: usage of unsafe cheatcodes that can perform dangerous operations
  --> script/utils/DeploymentConfig.sol:14:36
   |
14 |         string memory jsonStr = vm.readFile(deploymentDir);
   |                                    ^^^^^^^^
   |
   = help: https://book.getfoundry.sh/reference/forge/forge-lint#unsafe-cheatcode

note[unaliased-plain-import]: use named imports '{A, B}' or alias 'import ".." as X'
 --> test/eval/AutomataTcbEvalDaoTest.t.sol:4:8
  |
4 | import "../pcs/PCSSetupBase.t.sol";
  |        ^^^^^^^^^^^^^^^^^^^^^^^^^^^
  |
  = help: https://book.getfoundry.sh/reference/forge/forge-lint#unaliased-plain-import

warning[unsafe-typecast]: typecasts that can truncate values should be checked
   --> src/helpers/X509CRLHelper.sol:236:26
    |
236 |         serial = uint256(bytes32(serialBytes) >> shift);
    |                          ^^^^^^^^^^^^^^^^^^^^
    |
    = note: consider disabling this lint if you're certain the cast is safe
            
            // casting to 'bytes32' is safe because [explain why]
            // forge-lint: disable-next-line(unsafe-typecast)
            
            
    = help: https://book.getfoundry.sh/reference/forge/forge-lint#unsafe-typecast

note[screaming-snake-case-const]: constants should use SCREAMING_SNAKE_CASE
  --> test/pcs/AutomataPckDaoTest.t.sol:12:21
   |
12 |     string constant tcbm = "0c0c0303ffff010000000000000000000d00";
   |                     ^^^^ help: consider using: `TCBM`
   |
   = help: https://book.getfoundry.sh/reference/forge/forge-lint#screaming-snake-case-const

note[screaming-snake-case-const]: constants should use SCREAMING_SNAKE_CASE
  --> test/pcs/AutomataPckDaoTest.t.sol:13:21
   |
13 |     string constant cpusvn = "0c0c100fffff01000000000000000000";
   |                     ^^^^^^ help: consider using: `CPUSVN`
   |
   = help: https://book.getfoundry.sh/reference/forge/forge-lint#screaming-snake-case-const

note[screaming-snake-case-const]: constants should use SCREAMING_SNAKE_CASE
  --> test/pcs/AutomataPckDaoTest.t.sol:14:21
   |
14 |     string constant pcesvn = "0e00";
   |                     ^^^^^^ help: consider using: `PCESVN`
   |
   = help: https://book.getfoundry.sh/reference/forge/forge-lint#screaming-snake-case-const

note[unused-import]: unused imports should be removed
  --> test/TestSetupBase.t.sol:14:24
   |
14 | import {X509CRLHelper, X509CRLObj} from "../src/helpers/X509CRLHelper.sol";
   |                        ^^^^^^^^^^
   |
   = help: https://book.getfoundry.sh/reference/forge/forge-lint#unused-import

note[unused-import]: unused imports should be removed
  --> test/TestSetupBase.t.sol:15:20
   |
15 | import {PCKHelper, X509CertObj} from "../src/helpers/PCKHelper.sol";
   |                    ^^^^^^^^^^^
   |
   = help: https://book.getfoundry.sh/reference/forge/forge-lint#unused-import

warning[unsafe-typecast]: typecasts that can truncate values should be checked
   --> src/helpers/FmspcTcbHelper.sol:519:56
    |
519 |                 sgxComponentCpuSvns[cpusvnCounter++] = uint8(value);
    |                                                        ^^^^^^^^^^^^
    |
    = note: consider disabling this lint if you're certain the cast is safe
            
            // casting to 'uint8' is safe because [explain why]
            // forge-lint: disable-next-line(unsafe-typecast)
            
            
    = help: https://book.getfoundry.sh/reference/forge/forge-lint#unsafe-typecast

note[unaliased-plain-import]: use named imports '{A, B}' or alias 'import ".." as X'
 --> script/utils/P256Configuration.sol:3:8
  |
3 | import "../../src/utils/BytesUtils.sol";
  |        ^^^^^^^^^^^^^^^^^^^^^^^^^^^^^^^^
  |
  = help: https://book.getfoundry.sh/reference/forge/forge-lint#unaliased-plain-import

note[unaliased-plain-import]: use named imports '{A, B}' or alias 'import ".." as X'
 --> script/utils/P256Configuration.sol:4:8
  |
4 | import "forge-std/Script.sol";
  |        ^^^^^^^^^^^^^^^^^^^^^^
  |
  = help: https://book.getfoundry.sh/reference/forge/forge-lint#unaliased-plain-import

note[screaming-snake-case-const]: constants should use SCREAMING_SNAKE_CASE
  --> script/utils/P256Configuration.sol:14:20
   |
14 |     bytes constant test_pubkey =
   |                    ^^^^^^^^^^^ help: consider using: `TEST_PUBKEY`
   |
   = help: https://book.getfoundry.sh/reference/forge/forge-lint#screaming-snake-case-const

note[screaming-snake-case-const]: constants should use SCREAMING_SNAKE_CASE
  --> script/utils/P256Configuration.sol:16:20
   |
16 |     bytes constant test_sig =
   |                    ^^^^^^^^ help: consider using: `TEST_SIG`
   |
   = help: https://book.getfoundry.sh/reference/forge/forge-lint#screaming-snake-case-const

note[screaming-snake-case-const]: constants should use SCREAMING_SNAKE_CASE
  --> script/utils/P256Configuration.sol:18:20
   |
18 |     bytes constant test_message = hex"a9b4ac5fb82203536c408b1db1d0338c61fd0064ea2471794d435fc0e03c217f";
   |                    ^^^^^^^^^^^^ help: consider using: `TEST_MESSAGE`
   |
   = help: https://book.getfoundry.sh/reference/forge/forge-lint#screaming-snake-case-const

warning[unsafe-typecast]: typecasts that can truncate values should be checked
   --> src/helpers/FmspcTcbHelper.sol:671:42
    |
671 |         mrSignerBytes = abi.encodePacked(uint128(mrSignerUpperBytes), mrSignerLowerBytes);
    |                                          ^^^^^^^^^^^^^^^^^^^^^^^^^^^
    |
    = note: consider disabling this lint if you're certain the cast is safe
            
            // casting to 'uint128' is safe because [explain why]
            // forge-lint: disable-next-line(unsafe-typecast)
            
            
    = help: https://book.getfoundry.sh/reference/forge/forge-lint#unsafe-typecast

warning[unsafe-typecast]: typecasts that can truncate values should be checked
   --> src/helpers/FmspcTcbHelperV2.sol:233:35
    |
233 |                 tdxModuleObjEnd = uint32(objEnd);
    |                                   ^^^^^^^^^^^^^^
    |
    = note: consider disabling this lint if you're certain the cast is safe
            
            // casting to 'uint32' is safe because [explain why]
            // forge-lint: disable-next-line(unsafe-typecast)
            
            
    = help: https://book.getfoundry.sh/reference/forge/forge-lint#unsafe-typecast

note[unsafe-cheatcode]: usage of unsafe cheatcodes that can perform dangerous operations
  --> script/utils/P256Configuration.sol:62:31
   |
62 |         bytes memory ret = vm.ffi(inputs);
   |                               ^^^
   |
   = help: https://book.getfoundry.sh/reference/forge/forge-lint#unsafe-cheatcode

warning[unsafe-typecast]: typecasts that can truncate values should be checked
   --> src/helpers/FmspcTcbHelperV2.sol:500:30
    |
500 |             uint256 hitPos = uint256(hit);
    |                              ^^^^^^^^^^^^
    |
    = note: consider disabling this lint if you're certain the cast is safe
            
            // casting to 'uint256' is safe because [explain why]
            // forge-lint: disable-next-line(unsafe-typecast)
            
            
    = help: https://book.getfoundry.sh/reference/forge/forge-lint#unsafe-typecast

note[unaliased-plain-import]: use named imports '{A, B}' or alias 'import ".." as X'
 --> test/eval/AutomataTcbEvalDaoTest.t.sol:6:8
  |
6 | import "src/helpers/TcbEvalHelper.sol";
  |        ^^^^^^^^^^^^^^^^^^^^^^^^^^^^^^^
  |
  = help: https://book.getfoundry.sh/reference/forge/forge-lint#unaliased-plain-import

note[unused-import]: unused imports should be removed
 --> src/automata_pccs/AutomataPckDao.sol:4:17
  |
4 | import {PckDao, PcsDao, X509CRLHelper, DaoBase} from "../bases/PckDao.sol";
  |                 ^^^^^^
  |
  = help: https://book.getfoundry.sh/reference/forge/forge-lint#unused-import

note[unsafe-cheatcode]: usage of unsafe cheatcodes that can perform dangerous operations
  --> script/utils/DeploymentConfig.sol:28:36
   |
28 |         string memory jsonStr = vm.readFile(deploymentDir);
   |                                    ^^^^^^^^
   |
   = help: https://book.getfoundry.sh/reference/forge/forge-lint#unsafe-cheatcode

note[unused-import]: unused imports should be removed
 --> test/pcs/AutomataPckDaoTest.t.sol:5:9
  |
5 | import {AutomataPckDao} from "../../src/automata_pccs/AutomataPckDao.sol";
  |         ^^^^^^^^^^^^^^
  |
  = help: https://book.getfoundry.sh/reference/forge/forge-lint#unused-import

note[unaliased-plain-import]: use named imports '{A, B}' or alias 'import ".." as X'
 --> script/bench/DeployLocalTcbBench.s.sol:4:8
  |
4 | import "forge-std/Script.sol";
  |        ^^^^^^^^^^^^^^^^^^^^^^
  |
  = help: https://book.getfoundry.sh/reference/forge/forge-lint#unaliased-plain-import

note[unaliased-plain-import]: use named imports '{A, B}' or alias 'import ".." as X'
 --> script/helper/DeployHelpers.s.sol:4:8
  |
4 | import "../../src/helpers/EnclaveIdentityHelper.sol";
  |        ^^^^^^^^^^^^^^^^^^^^^^^^^^^^^^^^^^^^^^^^^^^^^
  |
  = help: https://book.getfoundry.sh/reference/forge/forge-lint#unaliased-plain-import

note[unused-import]: unused imports should be removed
 --> src/automata_pccs/AutomataPckDao.sol:4:25
  |
4 | import {PckDao, PcsDao, X509CRLHelper, DaoBase} from "../bases/PckDao.sol";
  |                         ^^^^^^^^^^^^^
  |
  = help: https://book.getfoundry.sh/reference/forge/forge-lint#unused-import

warning[unsafe-typecast]: typecasts that can truncate values should be checked
  --> src/automata_pccs/AutomataPcsDao.sol:35:30
   |
35 |             notValidBefore = uint64(slot >> 64);
   |                              ^^^^^^^^^^^^^^^^^^
   |
   = note: consider disabling this lint if you're certain the cast is safe
           
           // casting to 'uint64' is safe because [explain why]
           // forge-lint: disable-next-line(unsafe-typecast)
           
           
   = help: https://book.getfoundry.sh/reference/forge/forge-lint#unsafe-typecast

warning[unsafe-typecast]: typecasts that can truncate values should be checked
  --> src/automata_pccs/AutomataPcsDao.sol:36:29
   |
36 |             notValidAfter = uint64(slot);
   |                             ^^^^^^^^^^^^
   |
   = note: consider disabling this lint if you're certain the cast is safe
           
           // casting to 'uint64' is safe because [explain why]
           // forge-lint: disable-next-line(unsafe-typecast)
           
           
   = help: https://book.getfoundry.sh/reference/forge/forge-lint#unsafe-typecast

note[unaliased-plain-import]: use named imports '{A, B}' or alias 'import ".." as X'
 --> script/helper/DeployHelpers.s.sol:5:8
  |
5 | import "../../src/helpers/FmspcTcbHelper.sol";
  |        ^^^^^^^^^^^^^^^^^^^^^^^^^^^^^^^^^^^^^^
  |
  = help: https://book.getfoundry.sh/reference/forge/forge-lint#unaliased-plain-import

note[unaliased-plain-import]: use named imports '{A, B}' or alias 'import ".." as X'
 --> script/helper/DeployHelpers.s.sol:6:8
  |
6 | import "../../src/helpers/FmspcTcbHelperV2.sol";
  |        ^^^^^^^^^^^^^^^^^^^^^^^^^^^^^^^^^^^^^^^^
  |
  = help: https://book.getfoundry.sh/reference/forge/forge-lint#unaliased-plain-import

note[unused-import]: unused imports should be removed
 --> src/automata_pccs/AutomataTcbEvalDao.sol:5:21
  |
5 | import {TcbEvalDao, PcsDao, DaoBase} from "../bases/TcbEvalDao.sol";
  |                     ^^^^^^
  |
  = help: https://book.getfoundry.sh/reference/forge/forge-lint#unused-import

warning[unsafe-typecast]: typecasts that can truncate values should be checked
  --> src/automata_pccs/AutomataTcbEvalDao.sol:68:34
   |
68 |             issueDateTimestamp = uint64(slot >> 192);
   |                                  ^^^^^^^^^^^^^^^^^^^
   |
   = note: consider disabling this lint if you're certain the cast is safe
           
           // casting to 'uint64' is safe because [explain why]
           // forge-lint: disable-next-line(unsafe-typecast)
           
           
   = help: https://book.getfoundry.sh/reference/forge/forge-lint#unsafe-typecast

note[unaliased-plain-import]: use named imports '{A, B}' or alias 'import ".." as X'
 --> script/helper/DeployHelpers.s.sol:7:8
  |
7 | import "../../src/helpers/PCKHelper.sol";
  |        ^^^^^^^^^^^^^^^^^^^^^^^^^^^^^^^^^
  |
  = help: https://book.getfoundry.sh/reference/forge/forge-lint#unaliased-plain-import

note[unaliased-plain-import]: use named imports '{A, B}' or alias 'import ".." as X'
 --> script/helper/DeployHelpers.s.sol:8:8
  |
8 | import "../../src/helpers/X509CRLHelper.sol";
  |        ^^^^^^^^^^^^^^^^^^^^^^^^^^^^^^^^^^^^^
  |
  = help: https://book.getfoundry.sh/reference/forge/forge-lint#unaliased-plain-import

note[unaliased-plain-import]: use named imports '{A, B}' or alias 'import ".." as X'
 --> script/helper/DeployHelpers.s.sol:9:8
  |
9 | import "../../src/helpers/TcbEvalHelper.sol";
  |        ^^^^^^^^^^^^^^^^^^^^^^^^^^^^^^^^^^^^^
  |
  = help: https://book.getfoundry.sh/reference/forge/forge-lint#unaliased-plain-import

note[unaliased-plain-import]: use named imports '{A, B}' or alias 'import ".." as X'
  --> script/helper/DeployHelpers.s.sol:10:8
   |
10 | import "../utils/Salt.sol";
   |        ^^^^^^^^^^^^^^^^^^^
   |
   = help: https://book.getfoundry.sh/reference/forge/forge-lint#unaliased-plain-import

note[unaliased-plain-import]: use named imports '{A, B}' or alias 'import ".." as X'
  --> script/helper/DeployHelpers.s.sol:11:8
   |
11 | import "../utils/DeploymentConfig.sol";
   |        ^^^^^^^^^^^^^^^^^^^^^^^^^^^^^^^
   |
   = help: https://book.getfoundry.sh/reference/forge/forge-lint#unaliased-plain-import

warning[unsafe-typecast]: typecasts that can truncate values should be checked
   --> src/helpers/FmspcTcbHelperV2.sol:541:32
    |
541 |             if (match_) return int256(i);
    |                                ^^^^^^^^^
    |
    = note: consider disabling this lint if you're certain the cast is safe
            
            // casting to 'int256' is safe because [explain why]
            // forge-lint: disable-next-line(unsafe-typecast)
            
            
    = help: https://book.getfoundry.sh/reference/forge/forge-lint#unsafe-typecast

warning[unsafe-typecast]: typecasts that can truncate values should be checked
  --> src/automata_pccs/AutomataPckDao.sol:59:30
   |
59 |             notValidBefore = uint64(slot >> 64);
   |                              ^^^^^^^^^^^^^^^^^^
   |
   = note: consider disabling this lint if you're certain the cast is safe
           
           // casting to 'uint64' is safe because [explain why]
           // forge-lint: disable-next-line(unsafe-typecast)
           
           
   = help: https://book.getfoundry.sh/reference/forge/forge-lint#unsafe-typecast

note[unaliased-plain-import]: use named imports '{A, B}' or alias 'import ".." as X'
 --> script/utils/Multichain.sol:4:8
  |
4 | import "forge-std/Vm.sol";
  |        ^^^^^^^^^^^^^^^^^^
  |
  = help: https://book.getfoundry.sh/reference/forge/forge-lint#unaliased-plain-import

note[unaliased-plain-import]: use named imports '{A, B}' or alias 'import ".." as X'
 --> script/utils/Multichain.sol:5:8
  |
5 | import "forge-std/console.sol";
  |        ^^^^^^^^^^^^^^^^^^^^^^^
  |
  = help: https://book.getfoundry.sh/reference/forge/forge-lint#unaliased-plain-import

warning[unsafe-typecast]: typecasts that can truncate values should be checked
  --> src/automata_pccs/AutomataTcbEvalDao.sol:69:35
   |
69 |             nextUpdateTimestamp = uint64(slot >> 128);
   |                                   ^^^^^^^^^^^^^^^^^^^
   |
   = note: consider disabling this lint if you're certain the cast is safe
           
           // casting to 'uint64' is safe because [explain why]
           // forge-lint: disable-next-line(unsafe-typecast)
           
           
   = help: https://book.getfoundry.sh/reference/forge/forge-lint#unsafe-typecast

note[unsafe-cheatcode]: usage of unsafe cheatcodes that can perform dangerous operations
  --> script/utils/DeploymentConfig.sol:53:26
   |
53 |             jsonStr = vm.readFile(jsonPath);
   |                          ^^^^^^^^
   |
   = help: https://book.getfoundry.sh/reference/forge/forge-lint#unsafe-cheatcode

note[unsafe-cheatcode]: usage of unsafe cheatcodes that can perform dangerous operations
  --> script/utils/DeploymentConfig.sol:75:26
   |
75 |             jsonStr = vm.readFile(jsonPath);
   |                          ^^^^^^^^
   |
   = help: https://book.getfoundry.sh/reference/forge/forge-lint#unsafe-cheatcode

note[screaming-snake-case-const]: constants should use SCREAMING_SNAKE_CASE
 --> script/utils/Multichain.sol:9:17
  |
9 |     Vm constant internalVm = Vm(HEVM_ADDRESS);
  |                 ^^^^^^^^^^ help: consider using: `INTERNAL_VM`
  |
  = help: https://book.getfoundry.sh/reference/forge/forge-lint#screaming-snake-case-const

note[unsafe-cheatcode]: usage of unsafe cheatcodes that can perform dangerous operations
  --> script/utils/Multichain.sol:23:32
   |
23 |                     internalVm.setEnv("RPC_URL", rpcUrl);
   |                                ^^^^^^
   |
   = help: https://book.getfoundry.sh/reference/forge/forge-lint#unsafe-cheatcode

note[unsafe-cheatcode]: usage of unsafe cheatcodes that can perform dangerous operations
  --> script/utils/Multichain.sol:30:32
   |
30 |                     internalVm.setEnv("RPC_URL", "");
   |                                ^^^^^^
   |
   = help: https://book.getfoundry.sh/reference/forge/forge-lint#unsafe-cheatcode

warning[unsafe-typecast]: typecasts that can truncate values should be checked
  --> src/automata_pccs/AutomataPckDao.sol:60:29
   |
60 |             notValidAfter = uint64(slot);
   |                             ^^^^^^^^^^^^
   |
   = note: consider disabling this lint if you're certain the cast is safe
           
           // casting to 'uint64' is safe because [explain why]
           // forge-lint: disable-next-line(unsafe-typecast)
           
           
   = help: https://book.getfoundry.sh/reference/forge/forge-lint#unsafe-typecast

[2/7] Deploy FmspcTcbHelperV2
No files changed, compilation skipped
Script ran successfully.

== Logs ==
  [LOG] FmspcTcbHelperV2:  0x9d5e95109E13C6Fc88804eca6B76AF6372e939a8

SKIPPING ON CHAIN SIMULATION.


==========================

ONCHAIN EXECUTION COMPLETE & SUCCESSFUL.

Transactions saved to: /home/rustdev/shared/code/pccs-async-upsert-project/automata-on-chain-pccs/broadcast/DeployHelpers.s.sol/1315/deployFmspcTcbHelperV2-latest.json

Sensitive values saved to: /home/rustdev/shared/code/pccs-async-upsert-project/automata-on-chain-pccs/cache/DeployHelpers.s.sol/1315/deployFmspcTcbHelperV2-latest.json

[3/7] Deploy StorageV2
[0;32m[INFO][0m Starting deployment for storage-v2 command
[0;32m[INFO][0m Project root detected via git: /home/rustdev/shared/code/pccs-async-upsert-project/automata-on-chain-pccs
[0;32m[INFO][0m Using unlocked sender authentication
[0;32m[INFO][0m Configured owner address: 0xDf841B239bE7a6b37366005107069b7410da4Ff9
[0;32m[INFO][0m Detecting chain ID...
[0;32m[INFO][0m Chain ID: 1315
[0;32m[INFO][0m Resolving P256 verifier address...
[0;32m[INFO][0m P256 verifier address: 0xc2b78104907F722DABAc4C69f826a522B2754De4
[0;32m[INFO][0m Estimating gas from network...
  AutomataDaoStorageV2: 1364323 gas
  Max: AutomataDaoStorageV2 (1364323 gas)
  Buffer: +10%
  Final estimate: 1500755 gas
[0;32m[INFO][0m Estimated gas limit: 1500755
[0;32m[INFO][0m Deploying AutomataDaoStorageV2...
No files changed, compilation skipped
Script ran successfully.

== Logs ==
  [LOG] AutomataDaoStorageV2 deployed at:  0x8E85537d56E5Eb80578E52c97E2174c1206aB036

SKIPPING ON CHAIN SIMULATION.


==========================

ONCHAIN EXECUTION COMPLETE & SUCCESSFUL.

Transactions saved to: /home/rustdev/shared/code/pccs-async-upsert-project/automata-on-chain-pccs/broadcast/DeployAutomataVersioned.s.sol/1315/deployStorageV2-latest.json

Sensitive values saved to: /home/rustdev/shared/code/pccs-async-upsert-project/automata-on-chain-pccs/cache/DeployAutomataVersioned.s.sol/1315/deployStorageV2-latest.json

[0;32m[INFO][0m Deployment completed successfully for storage-v2 command!
[0;32m[INFO][0m Chain ID: 1315
[0;32m[INFO][0m Contract addresses have been saved to: /home/rustdev/shared/code/pccs-async-upsert-project/automata-on-chain-pccs/deployment/1315.json
[0;32m[INFO][0m Next steps:
[0;32m[INFO][0m   1. Configure roles: ./config_versioned.sh
[0;32m[INFO][0m   2. Verify contracts: ./verify_versioned.sh
[4/7] Deploy FmspcTcbDaoVersionedV2
[0;32m[INFO][0m Starting deployment for fmspc-v2 command
[0;32m[INFO][0m TCB Eval Data Number: 19
[0;32m[INFO][0m Project root detected via git: /home/rustdev/shared/code/pccs-async-upsert-project/automata-on-chain-pccs
[0;32m[INFO][0m Using unlocked sender authentication
[0;32m[INFO][0m Configured owner address: 0xDf841B239bE7a6b37366005107069b7410da4Ff9
[0;32m[INFO][0m Detecting chain ID...
[0;32m[INFO][0m Chain ID: 1315
[0;32m[INFO][0m Resolving P256 verifier address...
[0;32m[INFO][0m P256 verifier address: 0xc2b78104907F722DABAc4C69f826a522B2754De4
[0;32m[INFO][0m Deploying AutomataFmspcTcbDaoVersionedV2 (tcb-eval-data-number: 19)...
No files changed, compilation skipped
Script ran successfully.

== Logs ==
  P256Verifier address:  0xc2b78104907F722DABAc4C69f826a522B2754De4
  [LOG] AutomataFmspcTcbDaoVersionedV2 deployed at:  0xC3D2e1b9065b678a00Fe55524750B33911BFc315

SKIPPING ON CHAIN SIMULATION.


==========================

ONCHAIN EXECUTION COMPLETE & SUCCESSFUL.

Transactions saved to: /home/rustdev/shared/code/pccs-async-upsert-project/automata-on-chain-pccs/broadcast/DeployAutomataVersioned.s.sol/1315/deployFmspcTcbDaoVersionedV2-latest.json

Sensitive values saved to: /home/rustdev/shared/code/pccs-async-upsert-project/automata-on-chain-pccs/cache/DeployAutomataVersioned.s.sol/1315/deployFmspcTcbDaoVersionedV2-latest.json

[0;32m[INFO][0m Deployment completed successfully for fmspc-v2 command!
[0;32m[INFO][0m TCB Eval Data Number: 19
[0;32m[INFO][0m Chain ID: 1315
[0;32m[INFO][0m Contract addresses have been saved to: /home/rustdev/shared/code/pccs-async-upsert-project/automata-on-chain-pccs/deployment/1315.json
[0;32m[INFO][0m Next steps:
[0;32m[INFO][0m   1. Configure roles: ./config_versioned.sh
[0;32m[INFO][0m   2. Verify contracts: ./verify_versioned.sh
[4.5/7] Grant StorageV2 access to new FmspcTcbDaoVersioned
No files changed, compilation skipped
Script ran successfully.

SKIPPING ON CHAIN SIMULATION.


==========================

ONCHAIN EXECUTION COMPLETE & SUCCESSFUL.

Transactions saved to: /home/rustdev/shared/code/pccs-async-upsert-project/automata-on-chain-pccs/broadcast/ConfigAutomataDao.s.sol/1315/grantDaoV2-latest.json

Sensitive values saved to: /home/rustdev/shared/code/pccs-async-upsert-project/automata-on-chain-pccs/cache/ConfigAutomataDao.s.sol/1315/grantDaoV2-latest.json

[5/7] Grant attester role to new DAO
[0;32m[INFO][0m Project root detected via git: /home/rustdev/shared/code/pccs-async-upsert-project/automata-on-chain-pccs
[0;32m[INFO][0m Using unlocked sender authentication
[0;32m[INFO][0m Configured owner address: 0xDf841B239bE7a6b37366005107069b7410da4Ff9
[0;32m[INFO][0m Starting role configuration for fmspc-v2 command
[0;32m[INFO][0m User: 0xf39Fd6e51aad88F6F4ce6aB8827279cffFb92266
[0;32m[INFO][0m TCB Eval Data Number: 19
[0;32m[INFO][0m Roles: 1
[0;32m[INFO][0m Action: Grant
[0;32m[INFO][0m Detecting chain ID...
[0;32m[INFO][0m Chain ID: 1315
[0;32m[INFO][0m Configuring AutomataFmspcTcbDaoVersionedV2 roles (tcb-eval-data-number: 19)...
No files changed, compilation skipped
Script ran successfully.

SKIPPING ON CHAIN SIMULATION.


==========================

ONCHAIN EXECUTION COMPLETE & SUCCESSFUL.

Transactions saved to: /home/rustdev/shared/code/pccs-async-upsert-project/automata-on-chain-pccs/broadcast/ConfigAutomataDaoVersioned.s.sol/1315/configureFmspcTcbDaoVersionedV2Roles-latest.json

Sensitive values saved to: /home/rustdev/shared/code/pccs-async-upsert-project/automata-on-chain-pccs/cache/ConfigAutomataDaoVersioned.s.sol/1315/configureFmspcTcbDaoVersionedV2Roles-latest.json

[0;32m[INFO][0m Role configuration completed successfully for fmspc-v2 command!
[0;32m[INFO][0m User: 0xf39Fd6e51aad88F6F4ce6aB8827279cffFb92266
[0;32m[INFO][0m TCB Eval Data Number: 19
[0;32m[INFO][0m Roles: 1 (granted)
[0;32m[INFO][0m Role configurations have been applied on-chain
[0;32m[INFO][0m Next step: Verify contracts with ./verify_versioned.sh
[6/7] Sync deployment into attestation repo
[0;34m[INFO][0m Using local submodule: ../evm/lib/automata-on-chain-pccs/deployment
[0;34m[INFO][0m Starting PCCS deployment update...
[0;34m[INFO][0m Updating 1 specified chain IDs
[0;34m[INFO][0m Updating chain ID: 1315 (from local submodule)
[0;32m[SUCCESS][0m Updated ./libraries/network-registry/deployment/current/1315/onchain_pccs.json
[0;34m[INFO][0m   Contains 20 contract addresses

[0;34m[INFO][0m Update Summary:
[0;32m[SUCCESS][0m   Successfully updated: 1 chain(s)
[0;32m[SUCCESS][0m All PCCS deployments updated successfully!
[7/7] Update router config
No files changed, compilation skipped
note[unaliased-plain-import]: use named imports '{A, B}' or alias 'import ".." as X'
 --> forge-script/utils/DeploymentConfig.sol:4:8
  |
4 | import "forge-std/Script.sol";
  |        ^^^^^^^^^^^^^^^^^^^^^^
  |
  = help: https://book.getfoundry.sh/reference/forge/forge-lint#unaliased-plain-import

note[unaliased-plain-import]: use named imports '{A, B}' or alias 'import ".." as X'
 --> forge-test/QuoteV5Test.s.sol:4:8
  |
4 | import "./utils/PCCSSetupBase.sol";
  |        ^^^^^^^^^^^^^^^^^^^^^^^^^^^
  |
  = help: https://book.getfoundry.sh/reference/forge/forge-lint#unaliased-plain-import

note[screaming-snake-case-const]: constants should use SCREAMING_SNAKE_CASE
  --> forge-test/QuoteV5Test.s.sol:15:20
   |
15 |     bytes constant platformCrlDer =
   |                    ^^^^^^^^^^^^^^ help: consider using: `PLATFORM_CRL_DER`
   |
   = help: https://book.getfoundry.sh/reference/forge/forge-lint#screaming-snake-case-const

note[unused-import]: unused imports should be removed
 --> forge-test/QuoteV5Test.s.sol:8:5
  |
8 |     ZkCoProcessorConfig,
  |     ^^^^^^^^^^^^^^^^^^^
  |
  = help: https://book.getfoundry.sh/reference/forge/forge-lint#unused-import

note[unaliased-plain-import]: use named imports '{A, B}' or alias 'import ".." as X'
 --> contracts/AttestationEntrypointBase.sol:6:8
  |
6 | import "./types/Constants.sol";
  |        ^^^^^^^^^^^^^^^^^^^^^^^
  |
  = help: https://book.getfoundry.sh/reference/forge/forge-lint#unaliased-plain-import

note[unaliased-plain-import]: use named imports '{A, B}' or alias 'import ".." as X'
 --> forge-script/utils/DeploymentConfig.sol:5:8
  |
5 | import "forge-std/StdJson.sol";
  |        ^^^^^^^^^^^^^^^^^^^^^^^
  |
  = help: https://book.getfoundry.sh/reference/forge/forge-lint#unaliased-plain-import

note[mixed-case-function]: function names should use mixedCase
   --> contracts/zk/pico/Groth16Verifier.sol:130:14
    |
130 |     function invert_Fp(uint256 a) internal view returns (uint256 x) {
    |              ^^^^^^^^^ help: consider using: `invertFp`
    |
    = help: https://book.getfoundry.sh/reference/forge/forge-lint#mixed-case-function

note[mixed-case-function]: function names should use mixedCase
   --> contracts/zk/pico/Groth16Verifier.sol:145:14
    |
145 |     function sqrt_Fp(uint256 a) internal view returns (uint256 x) {
    |              ^^^^^^^ help: consider using: `sqrtFp`
    |
    = help: https://book.getfoundry.sh/reference/forge/forge-lint#mixed-case-function

note[pascal-case-struct]: structs should use PascalCase
  --> contracts/types/CommonStruct.sol:61:8
   |
61 | struct QEAuthData {
   |        ^^^^^^^^^^ help: consider using: `QeAuthData`
   |
   = help: https://book.getfoundry.sh/reference/forge/forge-lint#pascal-case-struct

note[pascal-case-struct]: structs should use PascalCase
 --> contracts/types/TDXStruct.sol:9:8
  |
9 | struct TD10ReportBody {
  |        ^^^^^^^^^^^^^^ help: consider using: `Td10ReportBody`
  |
  = help: https://book.getfoundry.sh/reference/forge/forge-lint#pascal-case-struct

note[unsafe-cheatcode]: usage of unsafe cheatcodes that can perform dangerous operations
  --> forge-script/utils/DeploymentConfig.sol:47:26
   |
47 |             jsonStr = vm.readFile(string.concat(dir, "/", "onchain_pccs.json"));
   |                          ^^^^^^^^
   |
   = help: https://book.getfoundry.sh/reference/forge/forge-lint#unsafe-cheatcode

note[unaliased-plain-import]: use named imports '{A, B}' or alias 'import ".." as X'
 --> forge-test/utils/PCCSSetupBase.sol:4:8
  |
4 | import "forge-std/Test.sol";
  |        ^^^^^^^^^^^^^^^^^^^^
  |
  = help: https://book.getfoundry.sh/reference/forge/forge-lint#unaliased-plain-import

note[unaliased-plain-import]: use named imports '{A, B}' or alias 'import ".." as X'
 --> forge-test/utils/PCCSSetupBase.sol:5:8
  |
5 | import "forge-std/StdJson.sol";
  |        ^^^^^^^^^^^^^^^^^^^^^^^
  |
  = help: https://book.getfoundry.sh/reference/forge/forge-lint#unaliased-plain-import

note[unused-import]: unused imports should be removed
 --> forge-test/QuoteV5Test.s.sol:9:5
  |
9 |     ZkCoProcessorType
  |     ^^^^^^^^^^^^^^^^^
  |
  = help: https://book.getfoundry.sh/reference/forge/forge-lint#unused-import

note[unaliased-plain-import]: use named imports '{A, B}' or alias 'import ".." as X'
 --> contracts/verifiers/V3QuoteVerifier.sol:5:8
  |
5 | import "../bases/QuoteVerifierBase.sol";
  |        ^^^^^^^^^^^^^^^^^^^^^^^^^^^^^^^^
  |
  = help: https://book.getfoundry.sh/reference/forge/forge-lint#unaliased-plain-import

note[mixed-case-function]: function names should use mixedCase
   --> contracts/zk/pico/Groth16Verifier.sol:160:14
    |
160 |     function isSquare_Fp(uint256 a) internal view returns (bool) {
    |              ^^^^^^^^^^^ help: consider using: `isSquareFp`
    |
    = help: https://book.getfoundry.sh/reference/forge/forge-lint#mixed-case-function

note[mixed-case-function]: function names should use mixedCase
   --> contracts/AttestationEntrypointBase.sol:255:14
    |
255 |     function _verifyAndAttestWithZKProof(
    |              ^^^^^^^^^^^^^^^^^^^^^^^^^^^ help: consider using: `_verifyAndAttestWithZkProof`
    |
    = help: https://book.getfoundry.sh/reference/forge/forge-lint#mixed-case-function

note[unsafe-cheatcode]: usage of unsafe cheatcodes that can perform dangerous operations
  --> forge-script/utils/DeploymentConfig.sol:49:26
   |
49 |             jsonStr = vm.readFile(string.concat(dir, "/", "dcap.json"));
   |                          ^^^^^^^^
   |
   = help: https://book.getfoundry.sh/reference/forge/forge-lint#unsafe-cheatcode

note[unwrapped-modifier-logic]: wrap modifier logic to reduce code size
  --> contracts/AttestationEntrypointBase.sol:69:5
   |
69 | /     modifier noneZkConfigCheck(ZkCoProcessorType zkCoProcessor) {
70 | |         require(zkCoProcessor != ZkCoProcessorType.None, "Cannot use None ZK Co-Processor");
71 | |         _;
72 | |     }
   | |_____^
   |
help: wrap modifier logic to reduce code size
   |
69 ~     modifier noneZkConfigCheck(ZkCoProcessorType zkCoProcessor) {
70 +         _noneZkConfigCheck(zkCoProcessor);
71 +         _;
72 +     }
73 + 
74 +     function _noneZkConfigCheck(ZkCoProcessorType zkCoProcessor) internal {
75 +         require(zkCoProcessor != ZkCoProcessorType.None, "Cannot use None ZK Co-Processor");
76 +     }
   |
   = help: https://book.getfoundry.sh/reference/forge/forge-lint#unwrapped-modifier-logic

note[mixed-case-function]: function names should use mixedCase
   --> contracts/zk/pico/Groth16Verifier.sol:177:14
    |
177 |     function sqrt_Fp2(uint256 a0, uint256 a1, bool hint) internal view returns (uint256 x0, uint256 x1) {
    |              ^^^^^^^^ help: consider using: `sqrtFp2`
    |
    = help: https://book.getfoundry.sh/reference/forge/forge-lint#mixed-case-function

note[unused-import]: unused imports should be removed
 --> contracts/interfaces/IPCCSRouter.sol:5:5
  |
5 |     EnclaveIdentityJsonObj,
  |     ^^^^^^^^^^^^^^^^^^^^^^
  |
  = help: https://book.getfoundry.sh/reference/forge/forge-lint#unused-import

note[unaliased-plain-import]: use named imports '{A, B}' or alias 'import ".." as X'
 --> forge-test/AutomataDcapAttestationFeeTest.t.sol:4:8
  |
4 | import "./utils/PCCSSetupBase.sol";
  |        ^^^^^^^^^^^^^^^^^^^^^^^^^^^
  |
  = help: https://book.getfoundry.sh/reference/forge/forge-lint#unaliased-plain-import

note[mixed-case-variable]: mutable variables should use mixedCase
  --> contracts/types/TDXStruct.sol:15:12
   |
15 |     bytes8 xFAM;
   |            ^^^^ help: consider using: `xFam`
   |
   = help: https://book.getfoundry.sh/reference/forge/forge-lint#mixed-case-variable

note[unused-import]: unused imports should be removed
  --> contracts/interfaces/IPCCSRouter.sol:10:5
   |
10 |     TcbInfoJsonObj,
   |     ^^^^^^^^^^^^^^
   |
   = help: https://book.getfoundry.sh/reference/forge/forge-lint#unused-import

note[pascal-case-struct]: structs should use PascalCase
  --> contracts/types/CommonStruct.sol:97:8
   |
97 | struct PCKCollateral {
   |        ^^^^^^^^^^^^^ help: consider using: `PckCollateral`
   |
   = help: https://book.getfoundry.sh/reference/forge/forge-lint#pascal-case-struct

note[pascal-case-struct]: structs should use PascalCase
   --> contracts/types/CommonStruct.sol:106:8
    |
106 | struct PCKCertTCB {
    |        ^^^^^^^^^^ help: consider using: `PckCertTcb`
    |
    = help: https://book.getfoundry.sh/reference/forge/forge-lint#pascal-case-struct

note[unaliased-plain-import]: use named imports '{A, B}' or alias 'import ".." as X'
 --> contracts/verifiers/V3QuoteVerifier.sol:6:8
  |
6 | import "../bases/tcb/TCBInfoV2Base.sol";
  |        ^^^^^^^^^^^^^^^^^^^^^^^^^^^^^^^^
  |
  = help: https://book.getfoundry.sh/reference/forge/forge-lint#unaliased-plain-import

note[unaliased-plain-import]: use named imports '{A, B}' or alias 'import ".." as X'
 --> contracts/verifiers/V3QuoteVerifier.sol:7:8
  |
7 | import "../types/Errors.sol";
  |        ^^^^^^^^^^^^^^^^^^^^^
  |
  = help: https://book.getfoundry.sh/reference/forge/forge-lint#unaliased-plain-import

note[pascal-case-struct]: structs should use PascalCase
  --> contracts/types/TDXStruct.sol:27:8
   |
27 | struct TD15ReportBody {
   |        ^^^^^^^^^^^^^^ help: consider using: `Td15ReportBody`
   |
   = help: https://book.getfoundry.sh/reference/forge/forge-lint#pascal-case-struct

note[unaliased-plain-import]: use named imports '{A, B}' or alias 'import ".." as X'
 --> forge-test/AutomataDcapAttestationFeeTest.t.sol:5:8
  |
5 | import "./utils/RiscZeroSetup.sol";
  |        ^^^^^^^^^^^^^^^^^^^^^^^^^^^
  |
  = help: https://book.getfoundry.sh/reference/forge/forge-lint#unaliased-plain-import

note[unused-import]: unused imports should be removed
  --> contracts/interfaces/IPCCSRouter.sol:12:5
   |
12 |     TcbInfoBasic,
   |     ^^^^^^^^^^^^
   |
   = help: https://book.getfoundry.sh/reference/forge/forge-lint#unused-import

note[unused-import]: unused imports should be removed
 --> contracts/types/CommonStruct.sol:4:9
  |
4 | import {TCBStatus} from "@automata-network/on-chain-pccs/helpers/FmspcTcbHelper.sol";
  |         ^^^^^^^^^
  |
  = help: https://book.getfoundry.sh/reference/forge/forge-lint#unused-import

note[screaming-snake-case-const]: constants should use SCREAMING_SNAKE_CASE
  --> forge-test/AutomataDcapAttestationFeeTest.t.sol:16:20
   |
16 |     bytes constant platformCrlDer =
   |                    ^^^^^^^^^^^^^^ help: consider using: `PLATFORM_CRL_DER`
   |
   = help: https://book.getfoundry.sh/reference/forge/forge-lint#screaming-snake-case-const

note[unsafe-cheatcode]: usage of unsafe cheatcodes that can perform dangerous operations
  --> forge-script/utils/DeploymentConfig.sol:70:26
   |
70 |             jsonStr = vm.readFile(string.concat(dir, "/", "onchain_pccs.json"));
   |                          ^^^^^^^^
   |
   = help: https://book.getfoundry.sh/reference/forge/forge-lint#unsafe-cheatcode

note[unaliased-plain-import]: use named imports '{A, B}' or alias 'import ".." as X'
 --> forge-test/utils/PCCSSetupBase.sol:6:8
  |
6 | import "solady/utils/JSONParserLib.sol";
  |        ^^^^^^^^^^^^^^^^^^^^^^^^^^^^^^^^
  |
  = help: https://book.getfoundry.sh/reference/forge/forge-lint#unaliased-plain-import

note[unsafe-cheatcode]: usage of unsafe cheatcodes that can perform dangerous operations
  --> forge-script/utils/DeploymentConfig.sol:72:26
   |
72 |             jsonStr = vm.readFile(string.concat(dir, "/", "dcap.json"));
   |                          ^^^^^^^^
   |
   = help: https://book.getfoundry.sh/reference/forge/forge-lint#unsafe-cheatcode

note[unaliased-plain-import]: use named imports '{A, B}' or alias 'import ".." as X'
 --> contracts/AutomataDcapAttestationFee.sol:4:8
  |
4 | import "./AttestationEntrypointBase.sol";
  |        ^^^^^^^^^^^^^^^^^^^^^^^^^^^^^^^^^
  |
  = help: https://book.getfoundry.sh/reference/forge/forge-lint#unaliased-plain-import

note[unaliased-plain-import]: use named imports '{A, B}' or alias 'import ".." as X'
 --> contracts/AutomataDcapAttestationFee.sol:5:8
  |
5 | import "./bases/FeeManagerBase.sol";
  |        ^^^^^^^^^^^^^^^^^^^^^^^^^^^^
  |
  = help: https://book.getfoundry.sh/reference/forge/forge-lint#unaliased-plain-import

note[mixed-case-function]: function names should use mixedCase
   --> contracts/zk/pico/Groth16Verifier.sol:202:14
    |
202 |     function compress_g1(uint256 x, uint256 y) internal view returns (uint256 c) {
    |              ^^^^^^^^^^^ help: consider using: `compressG1`
    |
    = help: https://book.getfoundry.sh/reference/forge/forge-lint#mixed-case-function

note[mixed-case-variable]: mutable variables should use mixedCase
   --> contracts/zk/pico/Groth16Verifier.sol:213:17
    |
213 |         uint256 y_pos = sqrt_Fp(addmod(mulmod(mulmod(x, x, P), x, P), 3, P));
    |                 ^^^^^ help: consider using: `yPos`
    |
    = help: https://book.getfoundry.sh/reference/forge/forge-lint#mixed-case-variable

note[asm-keccak256]: use of inefficient hashing mechanism; consider using inline assembly
  --> contracts/bases/X509ChainBase.sol:81:44
   |
81 |                 bytes32 issuerPubKeyHash = keccak256(issuer.subjectPublicKey);
   |                                            ^^^^^^^^^^^^^^^^^^^^^^^^^^^^^^^^^^
   |
   = help: https://book.getfoundry.sh/reference/forge/forge-lint#asm-keccak256

note[unsafe-cheatcode]: usage of unsafe cheatcodes that can perform dangerous operations
  --> forge-script/utils/DeploymentConfig.sol:93:36
   |
93 |         string memory jsonStr = vm.readFile(deploymentDir);
   |                                    ^^^^^^^^
   |
   = help: https://book.getfoundry.sh/reference/forge/forge-lint#unsafe-cheatcode

note[unsafe-cheatcode]: usage of unsafe cheatcodes that can perform dangerous operations
   --> forge-script/utils/DeploymentConfig.sol:119:36
    |
119 |         string memory jsonStr = vm.readFile(deploymentDir);
    |                                    ^^^^^^^^
    |
    = help: https://book.getfoundry.sh/reference/forge/forge-lint#unsafe-cheatcode

note[unsafe-cheatcode]: usage of unsafe cheatcodes that can perform dangerous operations
   --> forge-script/utils/DeploymentConfig.sol:140:26
    |
140 |             jsonStr = vm.readFile(jsonPath);
    |                          ^^^^^^^^
    |
    = help: https://book.getfoundry.sh/reference/forge/forge-lint#unsafe-cheatcode

note[mixed-case-variable]: mutable variables should use mixedCase
  --> contracts/types/TDXStruct.sol:33:12
   |
33 |     bytes8 xFAM;
   |            ^^^^ help: consider using: `xFam`
   |
   = help: https://book.getfoundry.sh/reference/forge/forge-lint#mixed-case-variable

note[unaliased-plain-import]: use named imports '{A, B}' or alias 'import ".." as X'
 --> contracts/PCCSRouter.sol:4:8
  |
4 | import "./interfaces/IPCCSRouter.sol";
  |        ^^^^^^^^^^^^^^^^^^^^^^^^^^^^^^
  |
  = help: https://book.getfoundry.sh/reference/forge/forge-lint#unaliased-plain-import

note[unaliased-plain-import]: use named imports '{A, B}' or alias 'import ".." as X'
 --> forge-test/utils/PCCSSetupBase.sol:7:8
  |
7 | import "solady/utils/LibString.sol";
  |        ^^^^^^^^^^^^^^^^^^^^^^^^^^^^
  |
  = help: https://book.getfoundry.sh/reference/forge/forge-lint#unaliased-plain-import

note[unaliased-plain-import]: use named imports '{A, B}' or alias 'import ".." as X'
 --> forge-script/utils/P256Configuration.sol:3:8
  |
3 | import "../../contracts/utils/BytesUtils.sol";
  |        ^^^^^^^^^^^^^^^^^^^^^^^^^^^^^^^^^^^^^^
  |
  = help: https://book.getfoundry.sh/reference/forge/forge-lint#unaliased-plain-import

note[mixed-case-function]: function names should use mixedCase
   --> contracts/zk/pico/Groth16Verifier.sol:230:14
    |
230 |     function decompress_g1(uint256 c) internal view returns (uint256 x, uint256 y) {
    |              ^^^^^^^^^^^^^ help: consider using: `decompressG1`
    |
    = help: https://book.getfoundry.sh/reference/forge/forge-lint#mixed-case-function

note[mixed-case-variable]: mutable variables should use mixedCase
   --> contracts/zk/pico/Groth16Verifier.sol:237:14
    |
237 |         bool negate_point = c & 1 == 1;
    |              ^^^^^^^^^^^^ help: consider using: `negatePoint`
    |
    = help: https://book.getfoundry.sh/reference/forge/forge-lint#mixed-case-variable

note[unused-import]: unused imports should be removed
 --> forge-test/AutomataDcapAttestationFeeTest.t.sol:8:9
  |
8 | import {V3QuoteVerifier} from "../contracts/verifiers/V3QuoteVerifier.sol";
  |         ^^^^^^^^^^^^^^^
  |
  = help: https://book.getfoundry.sh/reference/forge/forge-lint#unused-import

note[unaliased-plain-import]: use named imports '{A, B}' or alias 'import ".." as X'
 --> forge-test/AutomataDcapOnChainAttestationTest.t.sol:4:8
  |
4 | import "./utils/PCCSSetupBase.sol";
  |        ^^^^^^^^^^^^^^^^^^^^^^^^^^^
  |
  = help: https://book.getfoundry.sh/reference/forge/forge-lint#unaliased-plain-import

note[unaliased-plain-import]: use named imports '{A, B}' or alias 'import ".." as X'
 --> forge-script/utils/P256Configuration.sol:4:8
  |
4 | import "forge-std/Script.sol";
  |        ^^^^^^^^^^^^^^^^^^^^^^
  |
  = help: https://book.getfoundry.sh/reference/forge/forge-lint#unaliased-plain-import

note[screaming-snake-case-const]: constants should use SCREAMING_SNAKE_CASE
  --> forge-script/utils/P256Configuration.sol:14:20
   |
14 |     bytes constant test_pubkey =
   |                    ^^^^^^^^^^^ help: consider using: `TEST_PUBKEY`
   |
   = help: https://book.getfoundry.sh/reference/forge/forge-lint#screaming-snake-case-const

note[mixed-case-function]: function names should use mixedCase
   --> contracts/zk/pico/Groth16Verifier.sol:265:14
    |
265 |     function compress_g2(uint256 x0, uint256 x1, uint256 y0, uint256 y1)
    |              ^^^^^^^^^^^ help: consider using: `compressG2`
    |
    = help: https://book.getfoundry.sh/reference/forge/forge-lint#mixed-case-function

note[unaliased-plain-import]: use named imports '{A, B}' or alias 'import ".." as X'
 --> contracts/verifiers/V4QuoteVerifier.sol:7:8
  |
7 | import "../bases/TdxQuoteBase.sol";
  |        ^^^^^^^^^^^^^^^^^^^^^^^^^^^
  |
  = help: https://book.getfoundry.sh/reference/forge/forge-lint#unaliased-plain-import

note[unaliased-plain-import]: use named imports '{A, B}' or alias 'import ".." as X'
 --> contracts/verifiers/V4QuoteVerifier.sol:8:8
  |
8 | import "../types/Errors.sol";
  |        ^^^^^^^^^^^^^^^^^^^^^
  |
  = help: https://book.getfoundry.sh/reference/forge/forge-lint#unaliased-plain-import

note[unaliased-plain-import]: use named imports '{A, B}' or alias 'import ".." as X'
  --> forge-test/utils/PCCSSetupBase.sol:28:8
   |
28 | import "../../contracts/PCCSRouter.sol";
   |        ^^^^^^^^^^^^^^^^^^^^^^^^^^^^^^^^
   |
   = help: https://book.getfoundry.sh/reference/forge/forge-lint#unaliased-plain-import

note[mixed-case-function]: function names should use mixedCase
  --> contracts/AutomataDcapAttestationFee.sol:32:14
   |
32 |     function verifyAndAttestWithZKProof(
   |              ^^^^^^^^^^^^^^^^^^^^^^^^^^ help: consider using: `verifyAndAttestWithZkProof`
   |
   = help: https://book.getfoundry.sh/reference/forge/forge-lint#mixed-case-function

note[screaming-snake-case-const]: constants should use SCREAMING_SNAKE_CASE
  --> forge-test/AutomataDcapOnChainAttestationTest.t.sol:15:20
   |
15 |     bytes constant platformCrlDer =
   |                    ^^^^^^^^^^^^^^ help: consider using: `PLATFORM_CRL_DER`
   |
   = help: https://book.getfoundry.sh/reference/forge/forge-lint#screaming-snake-case-const

note[mixed-case-function]: function names should use mixedCase
  --> contracts/bases/EnclaveIdBase.sol:13:14
   |
13 |     function verifyQEReportWithIdentity(
   |              ^^^^^^^^^^^^^^^^^^^^^^^^^^ help: consider using: `verifyQeReportWithIdentity`
   |
   = help: https://book.getfoundry.sh/reference/forge/forge-lint#mixed-case-function

note[mixed-case-variable]: mutable variables should use mixedCase
  --> forge-test/utils/PCCSSetupBase.sol:46:13
   |
46 |     address P256_VERIFIER;
   |             ^^^^^^^^^^^^^ help: consider using: `p256Verifier`
   |
   = help: https://book.getfoundry.sh/reference/forge/forge-lint#mixed-case-variable

note[mixed-case-function]: function names should use mixedCase
  --> contracts/AutomataDcapAttestationFee.sol:51:14
   |
51 |     function verifyAndAttestWithZKProof(
   |              ^^^^^^^^^^^^^^^^^^^^^^^^^^ help: consider using: `verifyAndAttestWithZkProof`
   |
   = help: https://book.getfoundry.sh/reference/forge/forge-lint#mixed-case-function

note[unused-import]: unused imports should be removed
 --> forge-test/AutomataDcapOnChainAttestationTest.t.sol:8:5
  |
8 |     ZkCoProcessorConfig,
  |     ^^^^^^^^^^^^^^^^^^^
  |
  = help: https://book.getfoundry.sh/reference/forge/forge-lint#unused-import

note[unused-import]: unused imports should be removed
 --> contracts/bases/EnclaveIdBase.sol:6:5
  |
6 |     EnclaveId,
  |     ^^^^^^^^^
  |
  = help: https://book.getfoundry.sh/reference/forge/forge-lint#unused-import

note[mixed-case-variable]: mutable variables should use mixedCase
   --> contracts/zk/pico/Groth16Verifier.sol:278:17
    |
278 |         uint256 y0_pos;
    |                 ^^^^^^ help: consider using: `y0Pos`
    |
    = help: https://book.getfoundry.sh/reference/forge/forge-lint#mixed-case-variable

note[mixed-case-variable]: mutable variables should use mixedCase
   --> contracts/PCCSRouter.sol:498:16
    |
498 |         bytes4 COLLATERAL_VALIDITY_SELECTOR = 0x3e960426;
    |                ^^^^^^^^^^^^^^^^^^^^^^^^^^^^ help: consider using: `collateralValiditySelector`
    |
    = help: https://book.getfoundry.sh/reference/forge/forge-lint#mixed-case-variable

note[screaming-snake-case-const]: constants should use SCREAMING_SNAKE_CASE
  --> forge-test/utils/PCCSSetupBase.sol:48:31
   |
48 |     address internal constant admin = address(1);
   |                               ^^^^^ help: consider using: `ADMIN`
   |
   = help: https://book.getfoundry.sh/reference/forge/forge-lint#screaming-snake-case-const

note[unwrapped-modifier-logic]: wrap modifier logic to reduce code size
  --> contracts/PCCSRouter.sol:63:5
   |
63 | /     modifier checkTcbEval(uint32 tcbEval, address versionedDao) {
64 | |         if (versionedDao != address(0)) {
65 | |             IVersionedDao dao = IVersionedDao(versionedDao);
66 | |             if (dao.TCB_EVALUATION_NUMBER() != tcbEval) {
...  |
70 | |         _;
71 | |     }
   | |_____^
   |
help: wrap modifier logic to reduce code size
   |
63 ~     modifier checkTcbEval(uint32 tcbEval, address versionedDao) {
64 +         _checkTcbEval(tcbEval, versionedDao);
65 +         _;
66 +     }
67 + 
68 +     function _checkTcbEval(uint32 tcbEval, address versionedDao) internal {
69 +         if (versionedDao != address(0)) {
70 +             IVersionedDao dao = IVersionedDao(versionedDao);
71 +             if (dao.TCB_EVALUATION_NUMBER() != tcbEval) {
72 +                 revert("Invalid TCB evaluation number");
73 +             }
74 +         }
75 +     }
   |
   = help: https://book.getfoundry.sh/reference/forge/forge-lint#unwrapped-modifier-logic

note[mixed-case-variable]: mutable variables should use mixedCase
   --> contracts/zk/pico/Groth16Verifier.sol:279:17
    |
279 |         uint256 y1_pos;
    |                 ^^^^^^ help: consider using: `y1Pos`
    |
    = help: https://book.getfoundry.sh/reference/forge/forge-lint#mixed-case-variable

note[mixed-case-variable]: mutable variables should use mixedCase
   --> contracts/zk/pico/Groth16Verifier.sol:282:21
    |
282 |             uint256 a_3 = mulmod(mulmod(x0, x0, P), x0, P);
    |                     ^^^ help: consider using: `a3`
    |
    = help: https://book.getfoundry.sh/reference/forge/forge-lint#mixed-case-variable

note[mixed-case-variable]: mutable variables should use mixedCase
   --> contracts/zk/pico/Groth16Verifier.sol:283:21
    |
283 |             uint256 b_3 = mulmod(mulmod(x1, x1, P), x1, P);
    |                     ^^^ help: consider using: `b3`
    |
    = help: https://book.getfoundry.sh/reference/forge/forge-lint#mixed-case-variable

note[mixed-case-function]: function names should use mixedCase
   --> contracts/zk/pico/Groth16Verifier.sol:321:14
    |
321 |     function decompress_g2(uint256 c0, uint256 c1)
    |              ^^^^^^^^^^^^^ help: consider using: `decompressG2`
    |
    = help: https://book.getfoundry.sh/reference/forge/forge-lint#mixed-case-function

note[mixed-case-function]: function names should use mixedCase
  --> contracts/verifiers/V4QuoteVerifier.sol:93:14
   |
93 |     function _verifySGXQuote(
   |              ^^^^^^^^^^^^^^^ help: consider using: `_verifySgxQuote`
   |
   = help: https://book.getfoundry.sh/reference/forge/forge-lint#mixed-case-function

note[unused-import]: unused imports should be removed
 --> contracts/bases/EnclaveIdBase.sol:7:5
  |
7 |     Tcb,
  |     ^^^
  |
  = help: https://book.getfoundry.sh/reference/forge/forge-lint#unused-import

note[mixed-case-variable]: mutable variables should use mixedCase
   --> contracts/zk/pico/Groth16Verifier.sol:329:14
    |
329 |         bool negate_point = c0 & 1 == 1;
    |              ^^^^^^^^^^^^ help: consider using: `negatePoint`
    |
    = help: https://book.getfoundry.sh/reference/forge/forge-lint#mixed-case-variable

note[unused-import]: unused imports should be removed
 --> forge-test/AutomataDcapOnChainAttestationTest.t.sol:9:5
  |
9 |     ZkCoProcessorType
  |     ^^^^^^^^^^^^^^^^^
  |
  = help: https://book.getfoundry.sh/reference/forge/forge-lint#unused-import

note[screaming-snake-case-const]: constants should use SCREAMING_SNAKE_CASE
  --> forge-script/utils/P256Configuration.sol:16:20
   |
16 |     bytes constant test_sig =
   |                    ^^^^^^^^ help: consider using: `TEST_SIG`
   |
   = help: https://book.getfoundry.sh/reference/forge/forge-lint#screaming-snake-case-const

note[unaliased-plain-import]: use named imports '{A, B}' or alias 'import ".." as X'
 --> forge-test/zk/AutomataDcapZkTest.t.sol:4:8
  |
4 | import "../utils/PCCSSetupBase.sol";
  |        ^^^^^^^^^^^^^^^^^^^^^^^^^^^^
  |
  = help: https://book.getfoundry.sh/reference/forge/forge-lint#unaliased-plain-import

note[screaming-snake-case-const]: constants should use SCREAMING_SNAKE_CASE
  --> forge-script/utils/P256Configuration.sol:18:20
   |
18 |     bytes constant test_message = hex"a9b4ac5fb82203536c408b1db1d0338c61fd0064ea2471794d435fc0e03c217f";
   |                    ^^^^^^^^^^^^ help: consider using: `TEST_MESSAGE`
   |
   = help: https://book.getfoundry.sh/reference/forge/forge-lint#screaming-snake-case-const

note[unwrapped-modifier-logic]: wrap modifier logic to reduce code size
   --> contracts/PCCSRouter.sol:115:5
    |
115 | /     modifier onlyAuthorized() {
116 | |         if (_isCallerRestricted && !_authorized[msg.sender]) {
117 | |             revert Forbidden();
...   |
120 | |     }
    | |_____^
    |
help: wrap modifier logic to reduce code size
    |
115 ~     modifier onlyAuthorized() {
116 +         _onlyAuthorized();
117 +         _;
118 +     }
119 + 
120 +     function _onlyAuthorized() internal {
121 +         if (_isCallerRestricted && !_authorized[msg.sender]) {
122 +             revert Forbidden();
123 +         }
124 +     }
    |
    = help: https://book.getfoundry.sh/reference/forge/forge-lint#unwrapped-modifier-logic

note[unaliased-plain-import]: use named imports '{A, B}' or alias 'import ".." as X'
 --> contracts/verifiers/V5QuoteVerifier.sol:5:8
  |
5 | import "../types/Errors.sol";
  |        ^^^^^^^^^^^^^^^^^^^^^
  |
  = help: https://book.getfoundry.sh/reference/forge/forge-lint#unaliased-plain-import

note[unaliased-plain-import]: use named imports '{A, B}' or alias 'import ".." as X'
 --> contracts/verifiers/V5QuoteVerifier.sol:6:8
  |
6 | import "../bases/TdxQuoteBase.sol";
  |        ^^^^^^^^^^^^^^^^^^^^^^^^^^^
  |
  = help: https://book.getfoundry.sh/reference/forge/forge-lint#unaliased-plain-import

note[unsafe-cheatcode]: usage of unsafe cheatcodes that can perform dangerous operations
  --> forge-script/utils/P256Configuration.sol:62:31
   |
62 |         bytes memory ret = vm.ffi(inputs);
   |                               ^^^
   |
   = help: https://book.getfoundry.sh/reference/forge/forge-lint#unsafe-cheatcode

note[mixed-case-function]: function names should use mixedCase
   --> contracts/verifiers/V4QuoteVerifier.sol:137:14
    |
137 |     function _verifyTDXQuote(
    |              ^^^^^^^^^^^^^^^ help: consider using: `_verifyTdxQuote`
    |
    = help: https://book.getfoundry.sh/reference/forge/forge-lint#mixed-case-function

note[unaliased-plain-import]: use named imports '{A, B}' or alias 'import ".." as X'
  --> contracts/bases/tcb/TCBInfoV3Base.sol:11:8
   |
11 | import "./TCBInfoV2Base.sol";
   |        ^^^^^^^^^^^^^^^^^^^^^
   |
   = help: https://book.getfoundry.sh/reference/forge/forge-lint#unaliased-plain-import

note[mixed-case-function]: function names should use mixedCase
  --> contracts/bases/tcb/TCBInfoV2Base.sol:15:14
   |
15 |     function getSGXTcbStatus(PCKCertTCB memory pckTcb, TCBLevelsObj memory current)
   |              ^^^^^^^^^^^^^^^ help: consider using: `getSgxTcbStatus`
   |
   = help: https://book.getfoundry.sh/reference/forge/forge-lint#mixed-case-function

note[mixed-case-variable]: mutable variables should use mixedCase
   --> contracts/zk/pico/Groth16Verifier.sol:339:17
    |
339 |         uint256 a_3 = mulmod(mulmod(x0, x0, P), x0, P);
    |                 ^^^ help: consider using: `a3`
    |
    = help: https://book.getfoundry.sh/reference/forge/forge-lint#mixed-case-variable

note[unaliased-plain-import]: use named imports '{A, B}' or alias 'import ".." as X'
 --> forge-script/utils/Multichain.sol:4:8
  |
4 | import "forge-std/Vm.sol";
  |        ^^^^^^^^^^^^^^^^^^
  |
  = help: https://book.getfoundry.sh/reference/forge/forge-lint#unaliased-plain-import

note[unused-import]: unused imports should be removed
 --> contracts/bases/tcb/TCBInfoV2Base.sol:5:9
  |
5 | import {EnclaveIdTcbStatus} from "@automata-network/on-chain-pccs/helpers/EnclaveIdentityHelper.sol";
  |         ^^^^^^^^^^^^^^^^^^
  |
  = help: https://book.getfoundry.sh/reference/forge/forge-lint#unused-import

note[unaliased-plain-import]: use named imports '{A, B}' or alias 'import ".." as X'
 --> forge-test/zk/AutomataDcapPicoZkTest.t.sol:4:8
  |
4 | import "../utils/PCCSSetupBase.sol";
  |        ^^^^^^^^^^^^^^^^^^^^^^^^^^^^
  |
  = help: https://book.getfoundry.sh/reference/forge/forge-lint#unaliased-plain-import

note[mixed-case-function]: function names should use mixedCase
  --> contracts/bases/tcb/TCBInfoV3Base.sol:17:14
   |
17 |     function getTDXTcbStatus(TCBLevelsObj[] memory tcbLevels, PCKCertTCB memory pckTcb, bytes16 teeTcbSvn)
   |              ^^^^^^^^^^^^^^^ help: consider using: `getTdxTcbStatus`
   |
   = help: https://book.getfoundry.sh/reference/forge/forge-lint#mixed-case-function

note[unaliased-plain-import]: use named imports '{A, B}' or alias 'import ".." as X'
 --> forge-script/utils/Multichain.sol:5:8
  |
5 | import "forge-std/console.sol";
  |        ^^^^^^^^^^^^^^^^^^^^^^^
  |
  = help: https://book.getfoundry.sh/reference/forge/forge-lint#unaliased-plain-import

note[unaliased-plain-import]: use named imports '{A, B}' or alias 'import ".." as X'
 --> forge-test/zk/AutomataDcapZkTest.t.sol:5:8
  |
5 | import "../utils/RiscZeroSetup.sol";
  |        ^^^^^^^^^^^^^^^^^^^^^^^^^^^^
  |
  = help: https://book.getfoundry.sh/reference/forge/forge-lint#unaliased-plain-import

note[unaliased-plain-import]: use named imports '{A, B}' or alias 'import ".." as X'
 --> forge-test/zk/AutomataDcapZkTest.t.sol:9:8
  |
9 | import "../../contracts/PCCSRouter.sol";
  |        ^^^^^^^^^^^^^^^^^^^^^^^^^^^^^^^^
  |
  = help: https://book.getfoundry.sh/reference/forge/forge-lint#unaliased-plain-import

note[unaliased-plain-import]: use named imports '{A, B}' or alias 'import ".." as X'
 --> forge-test/zk/AutomataDcapPicoZkTest.t.sol:7:8
  |
7 | import "../../contracts/PCCSRouter.sol";
  |        ^^^^^^^^^^^^^^^^^^^^^^^^^^^^^^^^
  |
  = help: https://book.getfoundry.sh/reference/forge/forge-lint#unaliased-plain-import

note[unaliased-plain-import]: use named imports '{A, B}' or alias 'import ".." as X'
 --> forge-test/zk/AutomataDcapPicoZkTest.t.sol:8:8
  |
8 | import "../../contracts/AutomataDcapAttestationFee.sol";
  |        ^^^^^^^^^^^^^^^^^^^^^^^^^^^^^^^^^^^^^^^^^^^^^^^^
  |
  = help: https://book.getfoundry.sh/reference/forge/forge-lint#unaliased-plain-import

note[screaming-snake-case-const]: constants should use SCREAMING_SNAKE_CASE
 --> forge-script/utils/Multichain.sol:9:17
  |
9 |     Vm constant internalVm = Vm(HEVM_ADDRESS);
  |                 ^^^^^^^^^^ help: consider using: `INTERNAL_VM`
  |
  = help: https://book.getfoundry.sh/reference/forge/forge-lint#screaming-snake-case-const

note[mixed-case-variable]: mutable variables should use mixedCase
   --> contracts/zk/pico/Groth16Verifier.sol:340:17
    |
340 |         uint256 b_3 = mulmod(mulmod(x1, x1, P), x1, P);
    |                 ^^^ help: consider using: `b3`
    |
    = help: https://book.getfoundry.sh/reference/forge/forge-lint#mixed-case-variable

note[unaliased-plain-import]: use named imports '{A, B}' or alias 'import ".." as X'
  --> contracts/bases/TdxQuoteBase.sol:14:8
   |
14 | import "./QuoteVerifierBase.sol";
   |        ^^^^^^^^^^^^^^^^^^^^^^^^^
   |
   = help: https://book.getfoundry.sh/reference/forge/forge-lint#unaliased-plain-import

note[unaliased-plain-import]: use named imports '{A, B}' or alias 'import ".." as X'
 --> forge-script/AttestationScript.s.sol:6:8
  |
6 | import "../contracts/AutomataDcapAttestationFee.sol";
  |        ^^^^^^^^^^^^^^^^^^^^^^^^^^^^^^^^^^^^^^^^^^^^^
  |
  = help: https://book.getfoundry.sh/reference/forge/forge-lint#unaliased-plain-import

note[unused-import]: unused imports should be removed
 --> contracts/bases/tcb/TCBInfoV3Base.sol:5:5
  |
5 |     TcbId,
  |     ^^^^^
  |
  = help: https://book.getfoundry.sh/reference/forge/forge-lint#unused-import

note[unaliased-plain-import]: use named imports '{A, B}' or alias 'import ".." as X'
 --> forge-test/zk/AutomataDcapPicoZkTest.t.sol:9:8
  |
9 | import "../../contracts/verifiers/V4QuoteVerifier.sol";
  |        ^^^^^^^^^^^^^^^^^^^^^^^^^^^^^^^^^^^^^^^^^^^^^^^
  |
  = help: https://book.getfoundry.sh/reference/forge/forge-lint#unaliased-plain-import

note[unsafe-cheatcode]: usage of unsafe cheatcodes that can perform dangerous operations
  --> forge-script/utils/Multichain.sol:22:32
   |
22 |                     internalVm.setEnv("RPC_URL", rpcUrl);
   |                                ^^^^^^
   |
   = help: https://book.getfoundry.sh/reference/forge/forge-lint#unsafe-cheatcode

note[mixed-case-function]: function names should use mixedCase
   --> contracts/zk/pico/Groth16Verifier.sol:362:14
    |
362 |     function publicInputMSM(uint256[2] calldata input)
    |              ^^^^^^^^^^^^^^ help: consider using: `publicInputMsm`
    |
    = help: https://book.getfoundry.sh/reference/forge/forge-lint#mixed-case-function

note[unused-import]: unused imports should be removed
 --> contracts/bases/tcb/TCBInfoV3Base.sol:6:5
  |
6 |     TDXModule,
  |     ^^^^^^^^^
  |
  = help: https://book.getfoundry.sh/reference/forge/forge-lint#unused-import

note[unaliased-plain-import]: use named imports '{A, B}' or alias 'import ".." as X'
  --> forge-test/zk/AutomataDcapZkTest.t.sol:10:8
   |
10 | import "../../contracts/AutomataDcapAttestationFee.sol";
   |        ^^^^^^^^^^^^^^^^^^^^^^^^^^^^^^^^^^^^^^^^^^^^^^^^
   |
   = help: https://book.getfoundry.sh/reference/forge/forge-lint#unaliased-plain-import

note[unused-import]: unused imports should be removed
 --> contracts/bases/tcb/TCBInfoV3Base.sol:7:5
  |
7 |     TDXModuleIdentity,
  |     ^^^^^^^^^^^^^^^^^
  |
  = help: https://book.getfoundry.sh/reference/forge/forge-lint#unused-import

note[screaming-snake-case-const]: constants should use SCREAMING_SNAKE_CASE
  --> forge-test/utils/PCCSSetupBase.sol:50:20
   |
50 |     bytes constant rootCaDer =
   |                    ^^^^^^^^^ help: consider using: `ROOT_CA_DER`
   |
   = help: https://book.getfoundry.sh/reference/forge/forge-lint#screaming-snake-case-const

note[unsafe-cheatcode]: usage of unsafe cheatcodes that can perform dangerous operations
  --> forge-script/utils/Multichain.sol:29:32
   |
29 |                     internalVm.setEnv("RPC_URL", "");
   |                                ^^^^^^
   |
   = help: https://book.getfoundry.sh/reference/forge/forge-lint#unsafe-cheatcode

note[unaliased-plain-import]: use named imports '{A, B}' or alias 'import ".." as X'
  --> forge-test/zk/AutomataDcapZkTest.t.sol:11:8
   |
11 | import "../../contracts/verifiers/V4QuoteVerifier.sol";
   |        ^^^^^^^^^^^^^^^^^^^^^^^^^^^^^^^^^^^^^^^^^^^^^^^
   |
   = help: https://book.getfoundry.sh/reference/forge/forge-lint#unaliased-plain-import

note[unused-import]: unused imports should be removed
 --> contracts/bases/tcb/TCBInfoV3Base.sol:8:5
  |
8 |     TDXModuleTCBLevelsObj
  |     ^^^^^^^^^^^^^^^^^^^^^
  |
  = help: https://book.getfoundry.sh/reference/forge/forge-lint#unused-import

note[screaming-snake-case-const]: constants should use SCREAMING_SNAKE_CASE
  --> forge-test/zk/AutomataDcapZkTest.t.sol:14:20
   |
14 |     bytes constant platformCrlDer =
   |                    ^^^^^^^^^^^^^^ help: consider using: `PLATFORM_CRL_DER`
   |
   = help: https://book.getfoundry.sh/reference/forge/forge-lint#screaming-snake-case-const

note[unsafe-cheatcode]: usage of unsafe cheatcodes that can perform dangerous operations
  --> forge-test/zk/AutomataDcapPicoZkTest.t.sol:83:42
   |
83 |         string memory picoInputJson = vm.readFile(picoInputPath);
   |                                          ^^^^^^^^
   |
   = help: https://book.getfoundry.sh/reference/forge/forge-lint#unsafe-cheatcode

note[unaliased-plain-import]: use named imports '{A, B}' or alias 'import ".." as X'
  --> contracts/bases/TdxQuoteBase.sol:15:8
   |
15 | import "./tcb/TCBInfoV3Base.sol";
   |        ^^^^^^^^^^^^^^^^^^^^^^^^^
   |
   = help: https://book.getfoundry.sh/reference/forge/forge-lint#unaliased-plain-import

note[unaliased-plain-import]: use named imports '{A, B}' or alias 'import ".." as X'
 --> forge-script/AttestationScript.s.sol:7:8
  |
7 | import "../contracts/PCCSRouter.sol";
  |        ^^^^^^^^^^^^^^^^^^^^^^^^^^^^^
  |
  = help: https://book.getfoundry.sh/reference/forge/forge-lint#unaliased-plain-import

note[unaliased-plain-import]: use named imports '{A, B}' or alias 'import ".." as X'
 --> forge-script/AttestationScript.s.sol:9:8
  |
9 | import "./utils/Salt.sol";
  |        ^^^^^^^^^^^^^^^^^^
  |
  = help: https://book.getfoundry.sh/reference/forge/forge-lint#unaliased-plain-import

note[unaliased-plain-import]: use named imports '{A, B}' or alias 'import ".." as X'
  --> forge-script/AttestationScript.s.sol:10:8
   |
10 | import "./utils/DeploymentConfig.sol";
   |        ^^^^^^^^^^^^^^^^^^^^^^^^^^^^^^
   |
   = help: https://book.getfoundry.sh/reference/forge/forge-lint#unaliased-plain-import

note[unaliased-plain-import]: use named imports '{A, B}' or alias 'import ".." as X'
  --> forge-script/AttestationScript.s.sol:11:8
   |
11 | import "./utils/Multichain.sol";
   |        ^^^^^^^^^^^^^^^^^^^^^^^^
   |
   = help: https://book.getfoundry.sh/reference/forge/forge-lint#unaliased-plain-import

note[unused-import]: unused imports should be removed
 --> contracts/bases/TdxQuoteBase.sol:6:5
  |
6 |     TcbId,
  |     ^^^^^
  |
  = help: https://book.getfoundry.sh/reference/forge/forge-lint#unused-import

note[unused-import]: unused imports should be removed
 --> forge-script/AttestationScript.s.sol:5:9
  |
5 | import {console2} from "forge-std/console2.sol";
  |         ^^^^^^^^
  |
  = help: https://book.getfoundry.sh/reference/forge/forge-lint#unused-import

note[mixed-case-variable]: mutable variables should use mixedCase
   --> contracts/zk/pico/Groth16Verifier.sol:429:18
    |
429 |         (uint256 Ax, uint256 Ay) = decompress_g1(compressedProof[0]);
    |                  ^^ help: consider using: `ax`
    |
    = help: https://book.getfoundry.sh/reference/forge/forge-lint#mixed-case-variable

note[mixed-case-variable]: mutable variables should use mixedCase
 --> contracts/bases/FeeManagerBase.sol:7:12
  |
7 |     uint16 _feeBP; // the percentage of gas fee in basis point;
  |            ^^^^^^ help: consider using: `_feeBp`
  |
  = help: https://book.getfoundry.sh/reference/forge/forge-lint#mixed-case-variable

note[unwrapped-modifier-logic]: wrap modifier logic to reduce code size
  --> contracts/bases/FeeManagerBase.sol:36:5
   |
36 | /     modifier collectFee() {
37 | |         uint256 txFee;
38 | |         if (_feeBP > 0) {
39 | |             uint256 gasBefore = gasleft();
...  |
60 | |     }
   | |_____^
   |
help: wrap modifier logic to reduce code size
   |
36 ~     modifier collectFee() {
37 +         _collectFee();
38 +         _;
39 +     }
40 + 
41 +     function _collectFee() internal {
42 +         uint256 txFee;
43 +         if (_feeBP > 0) {
44 +             uint256 gasBefore = gasleft();
45 +             _;
46 +             uint256 gasAfter = gasleft();
47 +             txFee = ((gasBefore - gasAfter) * tx.gasprice * _feeBP) / MAX_BP;
48 +             if (msg.value < txFee) {
49 +                 revert Insufficient_Funds();
50 +             }
51 +         } else {
52 +             _;
53 +         }
54 +         if (msg.value > 0) {
55 +             uint256 excess = msg.value - txFee;
56 +             if (excess > 0) {
57 +                 // refund the sender, rather than the caller
58 +                 // @dev may fail subsequent call(s), if the caller were a contract
59 +                 // that might need to make subsequent calls requiring ETh transfers
60 +                 _refund(tx.origin, excess);
61 +             }
62 +         }
63 +     }
   |
   = help: https://book.getfoundry.sh/reference/forge/forge-lint#unwrapped-modifier-logic

note[unused-import]: unused imports should be removed
  --> contracts/bases/tcb/TCBInfoV3Base.sol:10:9
   |
10 | import {BELE} from "../../utils/BELE.sol";
   |         ^^^^
   |
   = help: https://book.getfoundry.sh/reference/forge/forge-lint#unused-import

note[unaliased-plain-import]: use named imports '{A, B}' or alias 'import ".." as X'
 --> contracts/utils/P256Verifier.sol:4:8
  |
4 | import "./BytesUtils.sol";
  |        ^^^^^^^^^^^^^^^^^^
  |
  = help: https://book.getfoundry.sh/reference/forge/forge-lint#unaliased-plain-import

note[unaliased-plain-import]: use named imports '{A, B}' or alias 'import ".." as X'
 --> forge-script/DeployRouter.s.sol:9:8
  |
9 | import "../contracts/PCCSRouter.sol";
  |        ^^^^^^^^^^^^^^^^^^^^^^^^^^^^^
  |
  = help: https://book.getfoundry.sh/reference/forge/forge-lint#unaliased-plain-import

note[screaming-snake-case-const]: constants should use SCREAMING_SNAKE_CASE
   --> contracts/utils/BytesUtils.sol:277:20
    |
277 |     bytes constant base32HexTable =
    |                    ^^^^^^^^^^^^^^ help: consider using: `BASE32_HEX_TABLE`
    |
    = help: https://book.getfoundry.sh/reference/forge/forge-lint#screaming-snake-case-const

note[unused-import]: unused imports should be removed
 --> contracts/bases/TdxQuoteBase.sol:7:5
  |
7 |     TCBLevelsObj,
  |     ^^^^^^^^^^^^
  |
  = help: https://book.getfoundry.sh/reference/forge/forge-lint#unused-import

note[unused-import]: unused imports should be removed
  --> contracts/bases/TdxQuoteBase.sol:11:9
   |
11 | import {TD10ReportBody, TD15ReportBody} from "../utils/TDReportParser.sol";
   |         ^^^^^^^^^^^^^^
   |
   = help: https://book.getfoundry.sh/reference/forge/forge-lint#unused-import

note[unaliased-plain-import]: use named imports '{A, B}' or alias 'import ".." as X'
  --> forge-script/DeployRouter.s.sol:10:8
   |
10 | import "./utils/Salt.sol";
   |        ^^^^^^^^^^^^^^^^^^
   |
   = help: https://book.getfoundry.sh/reference/forge/forge-lint#unaliased-plain-import

note[unaliased-plain-import]: use named imports '{A, B}' or alias 'import ".." as X'
  --> forge-script/DeployRouter.s.sol:11:8
   |
11 | import "./utils/DeploymentConfig.sol";
   |        ^^^^^^^^^^^^^^^^^^^^^^^^^^^^^^
   |
   = help: https://book.getfoundry.sh/reference/forge/forge-lint#unaliased-plain-import

note[unaliased-plain-import]: use named imports '{A, B}' or alias 'import ".." as X'
  --> forge-script/DeployRouter.s.sol:12:8
   |
12 | import "./utils/Multichain.sol";
   |        ^^^^^^^^^^^^^^^^^^^^^^^^
   |
   = help: https://book.getfoundry.sh/reference/forge/forge-lint#unaliased-plain-import

note[unaliased-plain-import]: use named imports '{A, B}' or alias 'import ".." as X'
 --> contracts/utils/TDReportParser.sol:4:8
  |
4 | import "../types/Constants.sol";
  |        ^^^^^^^^^^^^^^^^^^^^^^^^
  |
  = help: https://book.getfoundry.sh/reference/forge/forge-lint#unaliased-plain-import

note[unaliased-plain-import]: use named imports '{A, B}' or alias 'import ".." as X'
 --> forge-script/DeployVerifier.s.sol:5:8
  |
5 | import "./utils/P256Configuration.sol";
  |        ^^^^^^^^^^^^^^^^^^^^^^^^^^^^^^^
  |
  = help: https://book.getfoundry.sh/reference/forge/forge-lint#unaliased-plain-import

note[unaliased-plain-import]: use named imports '{A, B}' or alias 'import ".." as X'
 --> forge-script/DeployVerifier.s.sol:6:8
  |
6 | import "./utils/DeploymentConfig.sol";
  |        ^^^^^^^^^^^^^^^^^^^^^^^^^^^^^^
  |
  = help: https://book.getfoundry.sh/reference/forge/forge-lint#unaliased-plain-import

note[mixed-case-variable]: mutable variables should use mixedCase
   --> contracts/zk/pico/Groth16Verifier.sol:429:30
    |
429 |         (uint256 Ax, uint256 Ay) = decompress_g1(compressedProof[0]);
    |                              ^^ help: consider using: `ay`
    |
    = help: https://book.getfoundry.sh/reference/forge/forge-lint#mixed-case-variable

warning[unsafe-typecast]: typecasts that can truncate values should be checked
  --> contracts/utils/BytesUtils.sol:84:28
   |
84 |                     return int256(diff);
   |                            ^^^^^^^^^^^^
   |
   = note: consider disabling this lint if you're certain the cast is safe
           
           // casting to 'int256' is safe because [explain why]
           // forge-lint: disable-next-line(unsafe-typecast)
           
           
   = help: https://book.getfoundry.sh/reference/forge/forge-lint#unsafe-typecast

note[unaliased-plain-import]: use named imports '{A, B}' or alias 'import ".." as X'
  --> contracts/bases/QuoteVerifierBase.sol:12:8
   |
12 | import "../types/CommonStruct.sol";
   |        ^^^^^^^^^^^^^^^^^^^^^^^^^^^
   |
   = help: https://book.getfoundry.sh/reference/forge/forge-lint#unaliased-plain-import

warning[unsafe-typecast]: typecasts that can truncate values should be checked
  --> contracts/utils/BytesUtils.sol:91:16
   |
91 |         return int256(len) - int256(otherlen);
   |                ^^^^^^^^^^^
   |
   = note: consider disabling this lint if you're certain the cast is safe
           
           // casting to 'int256' is safe because [explain why]
           // forge-lint: disable-next-line(unsafe-typecast)
           
           
   = help: https://book.getfoundry.sh/reference/forge/forge-lint#unsafe-typecast

note[unaliased-plain-import]: use named imports '{A, B}' or alias 'import ".." as X'
 --> forge-script/DeployVerifier.s.sol:7:8
  |
7 | import "./utils/Salt.sol";
  |        ^^^^^^^^^^^^^^^^^^
  |
  = help: https://book.getfoundry.sh/reference/forge/forge-lint#unaliased-plain-import

note[unused-import]: unused imports should be removed
  --> contracts/bases/TdxQuoteBase.sol:11:25
   |
11 | import {TD10ReportBody, TD15ReportBody} from "../utils/TDReportParser.sol";
   |                         ^^^^^^^^^^^^^^
   |
   = help: https://book.getfoundry.sh/reference/forge/forge-lint#unused-import

note[unused-import]: unused imports should be removed
  --> contracts/bases/TdxQuoteBase.sol:12:9
   |
12 | import {PCKCertTCB} from "../types/CommonStruct.sol";
   |         ^^^^^^^^^^
   |
   = help: https://book.getfoundry.sh/reference/forge/forge-lint#unused-import

warning[unsafe-typecast]: typecasts that can truncate values should be checked
  --> contracts/utils/BytesUtils.sol:91:30
   |
91 |         return int256(len) - int256(otherlen);
   |                              ^^^^^^^^^^^^^^^^
   |
   = note: consider disabling this lint if you're certain the cast is safe
           
           // casting to 'int256' is safe because [explain why]
           // forge-lint: disable-next-line(unsafe-typecast)
           
           
   = help: https://book.getfoundry.sh/reference/forge/forge-lint#unsafe-typecast

note[unaliased-plain-import]: use named imports '{A, B}' or alias 'import ".." as X'
 --> forge-script/DeployVerifier.s.sol:8:8
  |
8 | import "./utils/Multichain.sol";
  |        ^^^^^^^^^^^^^^^^^^^^^^^^
  |
  = help: https://book.getfoundry.sh/reference/forge/forge-lint#unaliased-plain-import

note[unaliased-plain-import]: use named imports '{A, B}' or alias 'import ".." as X'
 --> forge-script/DeployVerifier.s.sol:9:8
  |
9 | import "../contracts/verifiers/V3QuoteVerifier.sol";
  |        ^^^^^^^^^^^^^^^^^^^^^^^^^^^^^^^^^^^^^^^^^^^^
  |
  = help: https://book.getfoundry.sh/reference/forge/forge-lint#unaliased-plain-import

note[screaming-snake-case-const]: constants should use SCREAMING_SNAKE_CASE
  --> forge-test/utils/PCCSSetupBase.sol:52:20
   |
52 |     bytes constant platformDer =
   |                    ^^^^^^^^^^^ help: consider using: `PLATFORM_DER`
   |
   = help: https://book.getfoundry.sh/reference/forge/forge-lint#screaming-snake-case-const

note[unaliased-plain-import]: use named imports '{A, B}' or alias 'import ".." as X'
  --> contracts/bases/QuoteVerifierBase.sol:13:8
   |
13 | import "../types/Constants.sol";
   |        ^^^^^^^^^^^^^^^^^^^^^^^^
   |
   = help: https://book.getfoundry.sh/reference/forge/forge-lint#unaliased-plain-import

note[unaliased-plain-import]: use named imports '{A, B}' or alias 'import ".." as X'
  --> contracts/bases/QuoteVerifierBase.sol:14:8
   |
14 | import "../types/Errors.sol";
   |        ^^^^^^^^^^^^^^^^^^^^^
   |
   = help: https://book.getfoundry.sh/reference/forge/forge-lint#unaliased-plain-import

note[screaming-snake-case-const]: constants should use SCREAMING_SNAKE_CASE
  --> forge-test/utils/PCCSSetupBase.sol:54:20
   |
54 |     bytes constant rootCrlDer =
   |                    ^^^^^^^^^^ help: consider using: `ROOT_CRL_DER`
   |
   = help: https://book.getfoundry.sh/reference/forge/forge-lint#screaming-snake-case-const

note[screaming-snake-case-const]: constants should use SCREAMING_SNAKE_CASE
  --> forge-test/utils/PCCSSetupBase.sol:56:20
   |
56 |     bytes constant signingDer =
   |                    ^^^^^^^^^^ help: consider using: `SIGNING_DER`
   |
   = help: https://book.getfoundry.sh/reference/forge/forge-lint#screaming-snake-case-const

note[unaliased-plain-import]: use named imports '{A, B}' or alias 'import ".." as X'
  --> forge-script/DeployVerifier.s.sol:10:8
   |
10 | import "../contracts/verifiers/V4QuoteVerifier.sol";
   |        ^^^^^^^^^^^^^^^^^^^^^^^^^^^^^^^^^^^^^^^^^^^^
   |
   = help: https://book.getfoundry.sh/reference/forge/forge-lint#unaliased-plain-import

note[unaliased-plain-import]: use named imports '{A, B}' or alias 'import ".." as X'
  --> forge-script/DeployVerifier.s.sol:11:8
   |
11 | import "../contracts/verifiers/V5QuoteVerifier.sol";
   |        ^^^^^^^^^^^^^^^^^^^^^^^^^^^^^^^^^^^^^^^^^^^^
   |
   = help: https://book.getfoundry.sh/reference/forge/forge-lint#unaliased-plain-import

note[unaliased-plain-import]: use named imports '{A, B}' or alias 'import ".." as X'
  --> contracts/bases/QuoteVerifierBase.sol:16:8
   |
16 | import "./EnclaveIdBase.sol";
   |        ^^^^^^^^^^^^^^^^^^^^^
   |
   = help: https://book.getfoundry.sh/reference/forge/forge-lint#unaliased-plain-import

note[unsafe-cheatcode]: usage of unsafe cheatcodes that can perform dangerous operations
   --> forge-test/utils/PCCSSetupBase.sol:172:40
    |
172 |         string memory tcbInfoData = vm.readFile(inputFile);
    |                                        ^^^^^^^^
    |
    = help: https://book.getfoundry.sh/reference/forge/forge-lint#unsafe-cheatcode

note[unaliased-plain-import]: use named imports '{A, B}' or alias 'import ".." as X'
  --> forge-script/DeployVerifier.s.sol:12:8
   |
12 | import "../contracts/AutomataDcapAttestationFee.sol";
   |        ^^^^^^^^^^^^^^^^^^^^^^^^^^^^^^^^^^^^^^^^^^^^^
   |
   = help: https://book.getfoundry.sh/reference/forge/forge-lint#unaliased-plain-import

note[mixed-case-variable]: mutable variables should use mixedCase
   --> contracts/zk/pico/Groth16Verifier.sol:430:18
    |
430 |         (uint256 Bx0, uint256 Bx1, uint256 By0, uint256 By1) = decompress_g2(
    |                  ^^^ help: consider using: `bx0`
    |
    = help: https://book.getfoundry.sh/reference/forge/forge-lint#mixed-case-variable

note[mixed-case-variable]: mutable variables should use mixedCase
   --> contracts/zk/pico/Groth16Verifier.sol:430:31
    |
430 |         (uint256 Bx0, uint256 Bx1, uint256 By0, uint256 By1) = decompress_g2(
    |                               ^^^ help: consider using: `bx1`
    |
    = help: https://book.getfoundry.sh/reference/forge/forge-lint#mixed-case-variable

note[unaliased-plain-import]: use named imports '{A, B}' or alias 'import ".." as X'
  --> forge-script/DeployVerifier.s.sol:13:8
   |
13 | import "../contracts/PCCSRouter.sol";
   |        ^^^^^^^^^^^^^^^^^^^^^^^^^^^^^
   |
   = help: https://book.getfoundry.sh/reference/forge/forge-lint#unaliased-plain-import

note[unaliased-plain-import]: use named imports '{A, B}' or alias 'import ".." as X'
  --> contracts/bases/QuoteVerifierBase.sol:17:8
   |
17 | import "./X509ChainBase.sol";
   |        ^^^^^^^^^^^^^^^^^^^^^
   |
   = help: https://book.getfoundry.sh/reference/forge/forge-lint#unaliased-plain-import

note[screaming-snake-case-immutable]: immutables should use SCREAMING_SNAKE_CASE
  --> contracts/bases/QuoteVerifierBase.sol:29:43
   |
29 |     IPCCSRouter public immutable override pccsRouter;
   |                                           ^^^^^^^^^^ help: consider using: `PCCS_ROUTER`
   |
   = help: https://book.getfoundry.sh/reference/forge/forge-lint#screaming-snake-case-immutable

note[screaming-snake-case-immutable]: immutables should use SCREAMING_SNAKE_CASE
  --> contracts/bases/QuoteVerifierBase.sol:30:38
   |
30 |     uint16 public immutable override quoteVersion;
   |                                      ^^^^^^^^^^^^ help: consider using: `QUOTE_VERSION`
   |
   = help: https://book.getfoundry.sh/reference/forge/forge-lint#screaming-snake-case-immutable

note[unsafe-cheatcode]: usage of unsafe cheatcodes that can perform dangerous operations
   --> forge-test/utils/PCCSSetupBase.sol:196:35
    |
196 |         string memory idData = vm.readFile(inputFile);
    |                                   ^^^^^^^^
    |
    = help: https://book.getfoundry.sh/reference/forge/forge-lint#unsafe-cheatcode

note[mixed-case-variable]: mutable variables should use mixedCase
   --> contracts/zk/pico/Groth16Verifier.sol:430:44
    |
430 |         (uint256 Bx0, uint256 Bx1, uint256 By0, uint256 By1) = decompress_g2(
    |                                            ^^^ help: consider using: `by0`
    |
    = help: https://book.getfoundry.sh/reference/forge/forge-lint#mixed-case-variable

note[mixed-case-variable]: mutable variables should use mixedCase
   --> contracts/bases/QuoteVerifierBase.sol:254:14
    |
254 |         bool isSGX = quoteBodyType == 1;
    |              ^^^^^ help: consider using: `isSgx`
    |
    = help: https://book.getfoundry.sh/reference/forge/forge-lint#mixed-case-variable

note[mixed-case-variable]: mutable variables should use mixedCase
   --> contracts/zk/pico/Groth16Verifier.sol:430:57
    |
430 |         (uint256 Bx0, uint256 Bx1, uint256 By0, uint256 By1) = decompress_g2(
    |                                                         ^^^ help: consider using: `by1`
    |
    = help: https://book.getfoundry.sh/reference/forge/forge-lint#mixed-case-variable

note[mixed-case-variable]: mutable variables should use mixedCase
   --> contracts/zk/pico/Groth16Verifier.sol:432:18
    |
432 |         (uint256 Cx, uint256 Cy) = decompress_g1(compressedProof[3]);
    |                  ^^ help: consider using: `cx`
    |
    = help: https://book.getfoundry.sh/reference/forge/forge-lint#mixed-case-variable

note[unsafe-cheatcode]: usage of unsafe cheatcodes that can perform dangerous operations
   --> forge-test/utils/PCCSSetupBase.sol:220:40
    |
220 |         string memory tcbEvalData = vm.readFile(inputFile);
    |                                        ^^^^^^^^
    |
    = help: https://book.getfoundry.sh/reference/forge/forge-lint#unsafe-cheatcode

warning[unsafe-typecast]: typecasts that can truncate values should be checked
   --> contracts/bases/QuoteVerifierBase.sol:185:32
    |
185 |         bytes32 expectedHash = bytes32(qeReportData);
    |                                ^^^^^^^^^^^^^^^^^^^^^
    |
    = note: consider disabling this lint if you're certain the cast is safe
            
            // casting to 'bytes32' is safe because [explain why]
            // forge-lint: disable-next-line(unsafe-typecast)
            
            
    = help: https://book.getfoundry.sh/reference/forge/forge-lint#unsafe-typecast

note[mixed-case-variable]: mutable variables should use mixedCase
   --> contracts/zk/pico/Groth16Verifier.sol:432:30
    |
432 |         (uint256 Cx, uint256 Cy) = decompress_g1(compressedProof[3]);
    |                              ^^ help: consider using: `cy`
    |
    = help: https://book.getfoundry.sh/reference/forge/forge-lint#mixed-case-variable

note[mixed-case-variable]: mutable variables should use mixedCase
   --> contracts/zk/pico/Groth16Verifier.sol:433:18
    |
433 |         (uint256 Lx, uint256 Ly) = publicInputMSM(input);
    |                  ^^ help: consider using: `lx`
    |
    = help: https://book.getfoundry.sh/reference/forge/forge-lint#mixed-case-variable

note[mixed-case-variable]: mutable variables should use mixedCase
   --> contracts/zk/pico/Groth16Verifier.sol:433:30
    |
433 |         (uint256 Lx, uint256 Ly) = publicInputMSM(input);
    |                              ^^ help: consider using: `ly`
    |
    = help: https://book.getfoundry.sh/reference/forge/forge-lint#mixed-case-variable

Chain ID: 1315

Wallet Owner: 0xDf841B239bE7a6b37366005107069b7410da4Ff9
Granting PCCSRouter authorization to call PCCS Storage...

blockHash            0x2323c05aac914037e244e6939db010aaebc16efe61d11753f43fe6afb048d9b4
blockNumber          18576322
contractAddress      
cumulativeGasUsed    27643
effectiveGasPrice    8
from                 0xDf841B239bE7a6b37366005107069b7410da4Ff9
gasUsed              27643
logs                 [{"address":"0x8fa0f82fcfca39f71826988c00c6006ae57fa524","topics":["0x40ea71d80ee6535b4d69401c4208d04e32fed332f0f2a2a28063d33df40f05a2"],"data":"0x000000000000000000000000cb1934ea19c6650a8cc9888c0306d39f0bebc2ab0000000000000000000000000000000000000000000000000000000000000001","blockHash":"0x2323c05aac914037e244e6939db010aaebc16efe61d11753f43fe6afb048d9b4","blockNumber":"0x11b73c2","blockTimestamp":"0x6a106e26","transactionHash":"0xf9c409a85181f9ad71767ba0ecc431a920d91a55929af60bd9abdb1cba34b85a","transactionIndex":"0x0","logIndex":"0x0","removed":false}]
logsBloom            0x00000000001000000000000000000000000000000000000000000000000000000000000000000000000000000000000000000000000000000000000000000008000000000000000000000000000000000000000000000000800000000000000000000000000000000000010000000000000000000000000000000000000000000000000000000000000000000000000000000000000000000000000000000000000000000000000000000000008000000000000000000000000000000000000000000000000000000000000000000000000000000000000000000000000000000000000000000000000000000000000000800000000000000000000000000000
root                 
status               1 (success)
transactionHash      0xf9c409a85181f9ad71767ba0ecc431a920d91a55929af60bd9abdb1cba34b85a
transactionIndex     0
type                 2
blobGasPrice         1
blobGasUsed          
to                   0x8fa0F82FCFca39F71826988c00C6006ae57FA524
Granting PCCSRouter authorization to call PCCS Storage V2...

blockHash            0x882866adcc2f680aa4a367f3f3e48b9fda03e881231466991a26ade312ff4824
blockNumber          18576323
contractAddress      
cumulativeGasUsed    47628
effectiveGasPrice    8
from                 0xDf841B239bE7a6b37366005107069b7410da4Ff9
gasUsed              47628
logs                 [{"address":"0x8e85537d56e5eb80578e52c97e2174c1206ab036","topics":["0x40ea71d80ee6535b4d69401c4208d04e32fed332f0f2a2a28063d33df40f05a2"],"data":"0x000000000000000000000000cb1934ea19c6650a8cc9888c0306d39f0bebc2ab0000000000000000000000000000000000000000000000000000000000000001","blockHash":"0x882866adcc2f680aa4a367f3f3e48b9fda03e881231466991a26ade312ff4824","blockNumber":"0x11b73c3","blockTimestamp":"0x6a106e26","transactionHash":"0xe286e1118d10558f612763e72406a0b3888911fe244cdc32709e623693a4d126","transactionIndex":"0x0","logIndex":"0x0","removed":false}]
logsBloom            0x00000000000000000000000000000000000000000000000000000000000000000000000000000000000000000000000000000000000000000000000000000008000000000000000000000000000000000000000000000000000000000000000000000000000000000000010000000000000000000000000000000000000000000000000000000000000000000000000000040000200000000000000000000000000000000000000000000000000000000000000000000000000000000000000000000000000000000000000000000000000000000000000000000000000000000000000002000000000000000000000000800000000000000000000000000000
root                 
status               1 (success)
transactionHash      0xe286e1118d10558f612763e72406a0b3888911fe244cdc32709e623693a4d126
transactionIndex     0
type                 2
blobGasPrice         1
blobGasUsed          
to                   0x8E85537d56E5Eb80578E52c97E2174c1206aB036
No files changed, compilation skipped
Script ran successfully.

SKIPPING ON CHAIN SIMULATION.


==========================

ONCHAIN EXECUTION COMPLETE & SUCCESSFUL.

Transactions saved to: /home/rustdev/shared/code/pccs-async-upsert-project/automata-dcap-attestation/evm/broadcast/DeployRouter.s.sol/1315/updateVersionedDaoConfig-latest.json

Sensitive values saved to: /home/rustdev/shared/code/pccs-async-upsert-project/automata-dcap-attestation/evm/cache_forge/DeployRouter.s.sol/1315/updateVersionedDaoConfig-latest.json

Done
V2 DAO: 0xC3D2e1b9065b678a00Fe55524750B33911BFc315

================================================================
[4/12] Build Intel snapshot-1 from archived fixture (older issueDate)
================================================================
  archived snapshot bytes  = 9191 (inner) + 128 (sig hex)
  issueDate                = 2026-05-20T16:02:04Z
  signature[:16]           = 8702d9135afc7c6e…
  sha256(rawInner)         = 0xfc00320cde98fc0abadebb7906c94ac5715aeeab621d0b1c3d0096cd7ca4f7fb

================================================================
[5/12] First async upsert
================================================================

================================================================
UPSERT (first) — fmspc=00606a000000 tcbEval=19
================================================================
[2026-05-22T14:54:44Z INFO  automata_dcap_qpl_tool::helper::tcb_fmspc_async] [1315][0xC3D2e1b9065b678a00Fe55524750B33911BFc315] txn[start_async_upsert] hash: 0x009796f7450cb0f9322f1659cc227335ac9f31d60ad04b7e4e1087441c7ffe2d
[2026-05-22T14:54:51Z INFO  automata_dcap_qpl_tool::helper::tcb_fmspc_async] [1315][0xC3D2e1b9065b678a00Fe55524750B33911BFc315] txn[start_async_upsert] receipt: Some(TransactionReceipt { transaction_hash: 0x009796f7450cb0f9322f1659cc227335ac9f31d60ad04b7e4e1087441c7ffe2d, transaction_index: 0, block_hash: Some(0x3edb2a3966375a3a73017bb20e3ab770d8bc4bc0c2262112742cde014da6831e), block_number: Some(18576326), from: 0xf39fd6e51aad88f6f4ce6ab8827279cfffb92266, to: Some(0xc3d2e1b9065b678a00fe55524750b33911bfc315), cumulative_gas_used: 317563, gas_used: Some(317563), contract_address: None, logs: [Log { address: 0x8e85537d56e5eb80578e52c97e2174c1206ab036, topics: [0xe8c60b50c51da54511df9b2a8734e83cd565108d8a878ff287cd5b03de8f98b4, 0x413d9efb64c85d86ef990e784c6cb6c4e7e127a49ba78d2ce21e085659348cbd], data: Bytes(0x), block_hash: Some(0x3edb2a3966375a3a73017bb20e3ab770d8bc4bc0c2262112742cde014da6831e), block_number: Some(18576326), transaction_hash: Some(0x009796f7450cb0f9322f1659cc227335ac9f31d60ad04b7e4e1087441c7ffe2d), transaction_index: Some(0), log_index: Some(0), transaction_log_index: None, log_type: None, removed: Some(false) }, Log { address: 0x8e85537d56e5eb80578e52c97e2174c1206ab036, topics: [0xe8c60b50c51da54511df9b2a8734e83cd565108d8a878ff287cd5b03de8f98b4, 0x94c4884c68d2db94694f4425b347895b3a20f7a20ed86b0a1a0144fbe02d3c2b], data: Bytes(0x), block_hash: Some(0x3edb2a3966375a3a73017bb20e3ab770d8bc4bc0c2262112742cde014da6831e), block_number: Some(18576326), transaction_hash: Some(0x009796f7450cb0f9322f1659cc227335ac9f31d60ad04b7e4e1087441c7ffe2d), transaction_index: Some(0), log_index: Some(1), transaction_log_index: None, log_type: None, removed: Some(false) }, Log { address: 0x8e85537d56e5eb80578e52c97e2174c1206ab036, topics: [0xe8c60b50c51da54511df9b2a8734e83cd565108d8a878ff287cd5b03de8f98b4, 0xd840592d37407cf4228e6934d2595d3068f97721d92ee7fef393288d44cd5608], data: Bytes(0x), block_hash: Some(0x3edb2a3966375a3a73017bb20e3ab770d8bc4bc0c2262112742cde014da6831e), block_number: Some(18576326), transaction_hash: Some(0x009796f7450cb0f9322f1659cc227335ac9f31d60ad04b7e4e1087441c7ffe2d), transaction_index: Some(0), log_index: Some(2), transaction_log_index: None, log_type: None, removed: Some(false) }, Log { address: 0x8e85537d56e5eb80578e52c97e2174c1206ab036, topics: [0xe8c60b50c51da54511df9b2a8734e83cd565108d8a878ff287cd5b03de8f98b4, 0x5d82425e31073b12d75c95892b055ead79f4decb45fbc7a37d93bc1b485f505a], data: Bytes(0x), block_hash: Some(0x3edb2a3966375a3a73017bb20e3ab770d8bc4bc0c2262112742cde014da6831e), block_number: Some(18576326), transaction_hash: Some(0x009796f7450cb0f9322f1659cc227335ac9f31d60ad04b7e4e1087441c7ffe2d), transaction_index: Some(0), log_index: Some(3), transaction_log_index: None, log_type: None, removed: Some(false) }], status: Some(1), root: None, logs_bloom: 0x00000000000800000000000000010000000000000000000000000000000000000000000000000800000800000000000000000200000000000000000000010000000000000000000000000000010000000000000000000000000000000008000400000000000000080000000000000000000000000000000000000000000000000000000000000000000000000000002000040000200000000000000000000000000000000000000000000000000000000000000100000000000100000000000000000000000000000000000000000000001000000000000000000000000000000000000002000000000000000000008000000000000000000000000000000000, transaction_type: Some(2), effective_gas_price: Some(50000000007), other: OtherFields { inner: {"blobGasPrice": String("0x1")} } })
[2026-05-22T14:54:51Z INFO  automata_dcap_qpl_tool::helper::tcb_fmspc_async] [1315][0xC3D2e1b9065b678a00Fe55524750B33911BFc315] txn[upload_chunk_data_0] hash: 0x2b1906230cdf27d95f987c9eb551582e22cb9308d4716c5af8fa554f5b182892
[2026-05-22T14:54:58Z INFO  automata_dcap_qpl_tool::helper::tcb_fmspc_async] [1315][0xC3D2e1b9065b678a00Fe55524750B33911BFc315] txn[upload_chunk_data_0] receipt: Some(TransactionReceipt { transaction_hash: 0x2b1906230cdf27d95f987c9eb551582e22cb9308d4716c5af8fa554f5b182892, transaction_index: 0, block_hash: Some(0xcd34adab4dd703bc963c936d07b4a81910db121b36d8fc938c64b0dfd93215e1), block_number: Some(18576327), from: 0xf39fd6e51aad88f6f4ce6ab8827279cfffb92266, to: Some(0xc3d2e1b9065b678a00fe55524750b33911bfc315), cumulative_gas_used: 5878318, gas_used: Some(5878318), contract_address: None, logs: [Log { address: 0x8e85537d56e5eb80578e52c97e2174c1206ab036, topics: [0x7656bed4e956fe059c82a390825d59e565ad76d49b58cc2866a08883b22793e3, 0x413d9efb64c85d86ef990e784c6cb6c4e7e127a49ba78d2ce21e085659348cbd], data: Bytes(0x00000000000000000000000000000000000000000000000000000000000020000000000000000000000000000000000000000000000000000000000000002000), block_hash: Some(0xcd34adab4dd703bc963c936d07b4a81910db121b36d8fc938c64b0dfd93215e1), block_number: Some(18576327), transaction_hash: Some(0x2b1906230cdf27d95f987c9eb551582e22cb9308d4716c5af8fa554f5b182892), transaction_index: Some(0), log_index: Some(0), transaction_log_index: None, log_type: None, removed: Some(false) }], status: Some(1), root: None, logs_bloom: 0x02000000000000000000000000000000000000000000000000000000000000000000000000000000000000000000000000000000000000000000000000010000000000000000000000000000010000000000000000000000000000000000000000000000000000080000000000004000000000000000000000000000000000000000000000000000000000000000000000040000200000000000000000000000000000000000000000000000000000000000000000000000000000000000400000000000000000000000000000000000000000000000000000000000000000000000000002000000000000000000000000000000000000000000000000000000, transaction_type: Some(2), effective_gas_price: Some(50000000007), other: OtherFields { inner: {"blobGasPrice": String("0x1")} } })
[2026-05-22T14:54:58Z INFO  automata_dcap_qpl_tool::helper::tcb_fmspc_async] [1315][0xC3D2e1b9065b678a00Fe55524750B33911BFc315] txn[upload_chunk_data_1] hash: 0xcccc5065bba3d518cd8b7cd543b405eac70219d6cd8f6d62ea5f7070af010448
[2026-05-22T14:55:05Z INFO  automata_dcap_qpl_tool::helper::tcb_fmspc_async] [1315][0xC3D2e1b9065b678a00Fe55524750B33911BFc315] txn[upload_chunk_data_1] receipt: Some(TransactionReceipt { transaction_hash: 0xcccc5065bba3d518cd8b7cd543b405eac70219d6cd8f6d62ea5f7070af010448, transaction_index: 0, block_hash: Some(0xc833f388ad3d9dde5d1a3bad86a519d72b7cbd830d3869834e12e3e417c5a424), block_number: Some(18576328), from: 0xf39fd6e51aad88f6f4ce6ab8827279cfffb92266, to: Some(0xc3d2e1b9065b678a00fe55524750b33911bfc315), cumulative_gas_used: 1385917, gas_used: Some(1385917), contract_address: None, logs: [Log { address: 0x8e85537d56e5eb80578e52c97e2174c1206ab036, topics: [0x7656bed4e956fe059c82a390825d59e565ad76d49b58cc2866a08883b22793e3, 0x413d9efb64c85d86ef990e784c6cb6c4e7e127a49ba78d2ce21e085659348cbd], data: Bytes(0x00000000000000000000000000000000000000000000000000000000000003e700000000000000000000000000000000000000000000000000000000000023e7), block_hash: Some(0xc833f388ad3d9dde5d1a3bad86a519d72b7cbd830d3869834e12e3e417c5a424), block_number: Some(18576328), transaction_hash: Some(0xcccc5065bba3d518cd8b7cd543b405eac70219d6cd8f6d62ea5f7070af010448), transaction_index: Some(0), log_index: Some(0), transaction_log_index: None, log_type: None, removed: Some(false) }], status: Some(1), root: None, logs_bloom: 0x02000000000000000000000000000000000000000000000000000000000000000000000000000000000000000000000000000000000000000000000000010000000000000000000000000000010000000000000000000000000000000000000000000000000000080000000000004000000000000000000000000000000000000000000000000000000000000000000000040000200000000000000000000000000000000000000000000000000000000000000000000000000000000000400000000000000000000000000000000000000000000000000000000000000000000000000002000000000000000000000000000000000000000000000000000000, transaction_type: Some(2), effective_gas_price: Some(50000000007), other: OtherFields { inner: {"blobGasPrice": String("0x1")} } })
[2026-05-22T14:55:05Z INFO  automata_dcap_qpl_tool::helper::tcb_fmspc_async] [1315][0xC3D2e1b9065b678a00Fe55524750B33911BFc315] txn[upload_components_template] hash: 0x176ccf247fb01d7009e250479ad886ccf0331a6edb2e0da6ae1f3091753ee1e0
[2026-05-22T14:55:12Z INFO  automata_dcap_qpl_tool::helper::tcb_fmspc_async] [1315][0xC3D2e1b9065b678a00Fe55524750B33911BFc315] txn[upload_components_template] receipt: Some(TransactionReceipt { transaction_hash: 0x176ccf247fb01d7009e250479ad886ccf0331a6edb2e0da6ae1f3091753ee1e0, transaction_index: 0, block_hash: Some(0x82a5900ac8cae393c8f2710fb409fef7ede7353acf76ba71b0239f5af8405f5c), block_number: Some(18576329), from: 0xf39fd6e51aad88f6f4ce6ab8827279cfffb92266, to: Some(0xc3d2e1b9065b678a00fe55524750b33911bfc315), cumulative_gas_used: 358254, gas_used: Some(358254), contract_address: None, logs: [Log { address: 0x8e85537d56e5eb80578e52c97e2174c1206ab036, topics: [0xe8c60b50c51da54511df9b2a8734e83cd565108d8a878ff287cd5b03de8f98b4, 0xa037d33252b36324d7ca7b5c1416206af4e7295218e522bff4a50dd48aca4aca], data: Bytes(0x), block_hash: Some(0x82a5900ac8cae393c8f2710fb409fef7ede7353acf76ba71b0239f5af8405f5c), block_number: Some(18576329), transaction_hash: Some(0x176ccf247fb01d7009e250479ad886ccf0331a6edb2e0da6ae1f3091753ee1e0), transaction_index: Some(0), log_index: Some(0), transaction_log_index: None, log_type: None, removed: Some(false) }, Log { address: 0x8e85537d56e5eb80578e52c97e2174c1206ab036, topics: [0x7656bed4e956fe059c82a390825d59e565ad76d49b58cc2866a08883b22793e3, 0xa037d33252b36324d7ca7b5c1416206af4e7295218e522bff4a50dd48aca4aca], data: Bytes(0x00000000000000000000000000000000000000000000000000000000000001490000000000000000000000000000000000000000000000000000000000000149), block_hash: Some(0x82a5900ac8cae393c8f2710fb409fef7ede7353acf76ba71b0239f5af8405f5c), block_number: Some(18576329), transaction_hash: Some(0x176ccf247fb01d7009e250479ad886ccf0331a6edb2e0da6ae1f3091753ee1e0), transaction_index: Some(0), log_index: Some(1), transaction_log_index: None, log_type: None, removed: Some(false) }], status: Some(1), root: None, logs_bloom: 0x02000000000000000000000000010000000000000000000000000000000000000000000000000000000000000000000000000000000000000000000000000000000000000000000000000000000000000000000000000000000000000000000000000000000000000000000801004000000000000000000000000000000000000000000000000000000000000000000000040000200000000000000000000000000000000000000000000000000000000000000000000000000000000000400000000000000000000000000000000000001000000000000000000000000000000000000002000000000000000000008000000000000000000000000000000020, transaction_type: Some(2), effective_gas_price: Some(50000000007), other: OtherFields { inner: {"blobGasPrice": String("0x1")} } })
[2026-05-22T14:55:12Z INFO  automata_dcap_qpl_tool::helper::tcb_fmspc_async] [1315][0xC3D2e1b9065b678a00Fe55524750B33911BFc315] txn[commit_basics_extract] hash: 0x1434e73dd0abac04d051da3ea4e4b9f0bcf76d6d2c3f531e451dd839aeeee9f0
[2026-05-22T14:55:19Z INFO  automata_dcap_qpl_tool::helper::tcb_fmspc_async] [1315][0xC3D2e1b9065b678a00Fe55524750B33911BFc315] txn[commit_basics_extract] receipt: Some(TransactionReceipt { transaction_hash: 0x1434e73dd0abac04d051da3ea4e4b9f0bcf76d6d2c3f531e451dd839aeeee9f0, transaction_index: 0, block_hash: Some(0x8f5936a3033fe357c888dd0d7a7df296ade642fff378111eab5c48178437043e), block_number: Some(18576330), from: 0xf39fd6e51aad88f6f4ce6ab8827279cfffb92266, to: Some(0xc3d2e1b9065b678a00fe55524750b33911bfc315), cumulative_gas_used: 1126364, gas_used: Some(1126364), contract_address: None, logs: [], status: Some(1), root: None, logs_bloom: 0x00000000000000000000000000000000000000000000000000000000000000000000000000000000000000000000000000000000000000000000000000000000000000000000000000000000000000000000000000000000000000000000000000000000000000000000000000000000000000000000000000000000000000000000000000000000000000000000000000000000000000000000000000000000000000000000000000000000000000000000000000000000000000000000000000000000000000000000000000000000000000000000000000000000000000000000000000000000000000000000000000000000000000000000000000000000, transaction_type: Some(2), effective_gas_price: Some(50000000007), other: OtherFields { inner: {"blobGasPrice": String("0x1")} } })
[2026-05-22T14:55:19Z INFO  automata_dcap_qpl_tool::helper::tcb_fmspc_async] [1315][0xC3D2e1b9065b678a00Fe55524750B33911BFc315] txn[commit_tcb_levels_range] hash: 0xdb59359d0e5e26a1a023b5d8fa7289019348767ca0d260968833a9c67f69a49d
[2026-05-22T14:55:26Z INFO  automata_dcap_qpl_tool::helper::tcb_fmspc_async] [1315][0xC3D2e1b9065b678a00Fe55524750B33911BFc315] txn[commit_tcb_levels_range] receipt: Some(TransactionReceipt { transaction_hash: 0xdb59359d0e5e26a1a023b5d8fa7289019348767ca0d260968833a9c67f69a49d, transaction_index: 0, block_hash: Some(0x337270acd225c2c1de9411b9fbe9405ae4a91444b8008b54e3698fcd3111f2ed), block_number: Some(18576331), from: 0xf39fd6e51aad88f6f4ce6ab8827279cfffb92266, to: Some(0xc3d2e1b9065b678a00fe55524750b33911bfc315), cumulative_gas_used: 4002884, gas_used: Some(4002884), contract_address: None, logs: [Log { address: 0x8e85537d56e5eb80578e52c97e2174c1206ab036, topics: [0xe8c60b50c51da54511df9b2a8734e83cd565108d8a878ff287cd5b03de8f98b4, 0xb420c3eec9ba052325c0c3786779f60556b9d771b86ed10f82468869d1eb5ba7], data: Bytes(0x), block_hash: Some(0x337270acd225c2c1de9411b9fbe9405ae4a91444b8008b54e3698fcd3111f2ed), block_number: Some(18576331), transaction_hash: Some(0xdb59359d0e5e26a1a023b5d8fa7289019348767ca0d260968833a9c67f69a49d), transaction_index: Some(0), log_index: Some(0), transaction_log_index: None, log_type: None, removed: Some(false) }], status: Some(1), root: None, logs_bloom: 0x00000000000000000000000000010000000010000000000000000000000000000000000002000000000000000000000000000000000000000000000000000000000000000000000000000000000000000000000000000000000000000000000000000000000000000000000000000000000000000100000000000000000000000000000000000000000000000000000000040000200000000000000000000000000000000000000000000000000000000000000000000000000000000000000000000000000000000000000000000000001000000000000000000000000000000000000002000000000000000000008000000000000000000000000000000000, transaction_type: Some(2), effective_gas_price: Some(50000000007), other: OtherFields { inner: {"blobGasPrice": String("0x1")} } })
[2026-05-22T14:55:26Z INFO  automata_dcap_qpl_tool::helper::tcb_fmspc_async] [1315][0xC3D2e1b9065b678a00Fe55524750B33911BFc315] txn[upload_parsed_tcb_levels_batch] hash: 0x5ad44260aecd5e0facf06b326c601389286e17a214be6c9b1d10cd565e6d0a3c
[2026-05-22T14:55:33Z INFO  automata_dcap_qpl_tool::helper::tcb_fmspc_async] [1315][0xC3D2e1b9065b678a00Fe55524750B33911BFc315] txn[upload_parsed_tcb_levels_batch] receipt: Some(TransactionReceipt { transaction_hash: 0x5ad44260aecd5e0facf06b326c601389286e17a214be6c9b1d10cd565e6d0a3c, transaction_index: 0, block_hash: Some(0x8bf8a17371262e53e843299b44a4fa2dbdc79cba7803ae6ea60d440bc44d90d4), block_number: Some(18576332), from: 0xf39fd6e51aad88f6f4ce6ab8827279cfffb92266, to: Some(0xc3d2e1b9065b678a00fe55524750b33911bfc315), cumulative_gas_used: 2078676, gas_used: Some(2078676), contract_address: None, logs: [Log { address: 0x8e85537d56e5eb80578e52c97e2174c1206ab036, topics: [0x7656bed4e956fe059c82a390825d59e565ad76d49b58cc2866a08883b22793e3, 0xb420c3eec9ba052325c0c3786779f60556b9d771b86ed10f82468869d1eb5ba7], data: Bytes(0x00000000000000000000000000000000000000000000000000000000000001410000000000000000000000000000000000000000000000000000000000000141), block_hash: Some(0x8bf8a17371262e53e843299b44a4fa2dbdc79cba7803ae6ea60d440bc44d90d4), block_number: Some(18576332), transaction_hash: Some(0x5ad44260aecd5e0facf06b326c601389286e17a214be6c9b1d10cd565e6d0a3c), transaction_index: Some(0), log_index: Some(0), transaction_log_index: None, log_type: None, removed: Some(false) }], status: Some(1), root: None, logs_bloom: 0x02000000000000000000000000000000000010000000000000000000000000000000000002000000000000000000000000000000000000000000000000000000000000000000000000000000000000000000000000000000000000000000000000000000000000000000000000004000000000000100000000000000000000000000000000000000000000000000000000040000200000000000000000000000000000000000000000000000000000000000000000000000000000000000400000000000000000000000000000000000000000000000000000000000000000000000000002000000000000000000000000000000000000000000000000000000, transaction_type: Some(2), effective_gas_price: Some(50000000007), other: OtherFields { inner: {"blobGasPrice": String("0x1")} } })
[2026-05-22T14:55:34Z INFO  automata_dcap_qpl_tool::helper::tcb_fmspc_async] [1315][0xC3D2e1b9065b678a00Fe55524750B33911BFc315] txn[upload_parsed_tcb_levels_batch] hash: 0xc68a8e292eec8b21c3de670c2ccfedc1554c4ccca475f4ea116c72712b6868cc
[2026-05-22T14:55:41Z INFO  automata_dcap_qpl_tool::helper::tcb_fmspc_async] [1315][0xC3D2e1b9065b678a00Fe55524750B33911BFc315] txn[upload_parsed_tcb_levels_batch] receipt: Some(TransactionReceipt { transaction_hash: 0xc68a8e292eec8b21c3de670c2ccfedc1554c4ccca475f4ea116c72712b6868cc, transaction_index: 0, block_hash: Some(0x935dc616d8db38e712ea60b04a18087077edf6beee16a015d47fd98ea00dbdb0), block_number: Some(18576333), from: 0xf39fd6e51aad88f6f4ce6ab8827279cfffb92266, to: Some(0xc3d2e1b9065b678a00fe55524750b33911bfc315), cumulative_gas_used: 2247394, gas_used: Some(2247394), contract_address: None, logs: [Log { address: 0x8e85537d56e5eb80578e52c97e2174c1206ab036, topics: [0x7656bed4e956fe059c82a390825d59e565ad76d49b58cc2866a08883b22793e3, 0xb420c3eec9ba052325c0c3786779f60556b9d771b86ed10f82468869d1eb5ba7], data: Bytes(0x00000000000000000000000000000000000000000000000000000000000001b900000000000000000000000000000000000000000000000000000000000002fa), block_hash: Some(0x935dc616d8db38e712ea60b04a18087077edf6beee16a015d47fd98ea00dbdb0), block_number: Some(18576333), transaction_hash: Some(0xc68a8e292eec8b21c3de670c2ccfedc1554c4ccca475f4ea116c72712b6868cc), transaction_index: Some(0), log_index: Some(0), transaction_log_index: None, log_type: None, removed: Some(false) }], status: Some(1), root: None, logs_bloom: 0x02000000000000000000000000000000000010000000000000000000000000000000000002000000000000000000000000000000000000000000000000000000000000000000000000000000000000000000000000000000000000000000000000000000000000000000000000004000000000000100000000000000000000000000000000000000000000000000000000040000200000000000000000000000000000000000000000000000000000000000000000000000000000000000400000000000000000000000000000000000000000000000000000000000000000000000000002000000000000000000000000000000000000000000000000000000, transaction_type: Some(2), effective_gas_price: Some(50000000007), other: OtherFields { inner: {"blobGasPrice": String("0x1")} } })
[2026-05-22T14:55:41Z INFO  automata_dcap_qpl_tool::helper::tcb_fmspc_async] [1315][0xC3D2e1b9065b678a00Fe55524750B33911BFc315] txn[upload_parsed_tcb_levels_batch] hash: 0x71005fbe96ce60eb7111784aebfc02345026ace645fe8865d838dea3d9f3a38d
[2026-05-22T14:55:48Z INFO  automata_dcap_qpl_tool::helper::tcb_fmspc_async] [1315][0xC3D2e1b9065b678a00Fe55524750B33911BFc315] txn[upload_parsed_tcb_levels_batch] receipt: Some(TransactionReceipt { transaction_hash: 0x71005fbe96ce60eb7111784aebfc02345026ace645fe8865d838dea3d9f3a38d, transaction_index: 0, block_hash: Some(0x2a323a39f318d688bbc954f4ffce5069d09efa05feb872ede681d0cea00b015b), block_number: Some(18576334), from: 0xf39fd6e51aad88f6f4ce6ab8827279cfffb92266, to: Some(0xc3d2e1b9065b678a00fe55524750b33911bfc315), cumulative_gas_used: 2483302, gas_used: Some(2483302), contract_address: None, logs: [Log { address: 0x8e85537d56e5eb80578e52c97e2174c1206ab036, topics: [0x7656bed4e956fe059c82a390825d59e565ad76d49b58cc2866a08883b22793e3, 0xb420c3eec9ba052325c0c3786779f60556b9d771b86ed10f82468869d1eb5ba7], data: Bytes(0x0000000000000000000000000000000000000000000000000000000000000222000000000000000000000000000000000000000000000000000000000000051c), block_hash: Some(0x2a323a39f318d688bbc954f4ffce5069d09efa05feb872ede681d0cea00b015b), block_number: Some(18576334), transaction_hash: Some(0x71005fbe96ce60eb7111784aebfc02345026ace645fe8865d838dea3d9f3a38d), transaction_index: Some(0), log_index: Some(0), transaction_log_index: None, log_type: None, removed: Some(false) }], status: Some(1), root: None, logs_bloom: 0x02000000000000000000000000000000000010000000000000000000000000000000000002000000000000000000000000000000000000000000000000000000000000000000000000000000000000000000000000000000000000000000000000000000000000000000000000004000000000000100000000000000000000000000000000000000000000000000000000040000200000000000000000000000000000000000000000000000000000000000000000000000000000000000400000000000000000000000000000000000000000000000000000000000000000000000000002000000000000000000000000000000000000000000000000000000, transaction_type: Some(2), effective_gas_price: Some(50000000007), other: OtherFields { inner: {"blobGasPrice": String("0x1")} } })
[2026-05-22T14:55:48Z INFO  automata_dcap_qpl_tool::helper::tcb_fmspc_async] [1315][0xC3D2e1b9065b678a00Fe55524750B33911BFc315] txn[upload_parsed_tcb_levels_batch] hash: 0x6c30513ed473668a5b16c003058089e854122abb1672ca99de151a467a74221b
[2026-05-22T14:55:55Z INFO  automata_dcap_qpl_tool::helper::tcb_fmspc_async] [1315][0xC3D2e1b9065b678a00Fe55524750B33911BFc315] txn[upload_parsed_tcb_levels_batch] receipt: Some(TransactionReceipt { transaction_hash: 0x6c30513ed473668a5b16c003058089e854122abb1672ca99de151a467a74221b, transaction_index: 0, block_hash: Some(0xed17dd63124e2fb8f419df95aec1adafce553ebb938dfcc6c8efb06d6966c001), block_number: Some(18576335), from: 0xf39fd6e51aad88f6f4ce6ab8827279cfffb92266, to: Some(0xc3d2e1b9065b678a00fe55524750b33911bfc315), cumulative_gas_used: 2747378, gas_used: Some(2747378), contract_address: None, logs: [Log { address: 0x8e85537d56e5eb80578e52c97e2174c1206ab036, topics: [0x7656bed4e956fe059c82a390825d59e565ad76d49b58cc2866a08883b22793e3, 0xb420c3eec9ba052325c0c3786779f60556b9d771b86ed10f82468869d1eb5ba7], data: Bytes(0x000000000000000000000000000000000000000000000000000000000000029a00000000000000000000000000000000000000000000000000000000000007b6), block_hash: Some(0xed17dd63124e2fb8f419df95aec1adafce553ebb938dfcc6c8efb06d6966c001), block_number: Some(18576335), transaction_hash: Some(0x6c30513ed473668a5b16c003058089e854122abb1672ca99de151a467a74221b), transaction_index: Some(0), log_index: Some(0), transaction_log_index: None, log_type: None, removed: Some(false) }], status: Some(1), root: None, logs_bloom: 0x02000000000000000000000000000000000010000000000000000000000000000000000002000000000000000000000000000000000000000000000000000000000000000000000000000000000000000000000000000000000000000000000000000000000000000000000000004000000000000100000000000000000000000000000000000000000000000000000000040000200000000000000000000000000000000000000000000000000000000000000000000000000000000000400000000000000000000000000000000000000000000000000000000000000000000000000002000000000000000000000000000000000000000000000000000000, transaction_type: Some(2), effective_gas_price: Some(50000000007), other: OtherFields { inner: {"blobGasPrice": String("0x1")} } })
[2026-05-22T14:55:55Z INFO  automata_dcap_qpl_tool::helper::tcb_fmspc_async] [1315][0xC3D2e1b9065b678a00Fe55524750B33911BFc315] txn[upload_parsed_tcb_levels_batch] hash: 0x5e585473a6aa9e95785189810e7ebad5abd9af508b7b37d0f44a8e887121bc0c
[2026-05-22T14:56:02Z INFO  automata_dcap_qpl_tool::helper::tcb_fmspc_async] [1315][0xC3D2e1b9065b678a00Fe55524750B33911BFc315] txn[upload_parsed_tcb_levels_batch] receipt: Some(TransactionReceipt { transaction_hash: 0x5e585473a6aa9e95785189810e7ebad5abd9af508b7b37d0f44a8e887121bc0c, transaction_index: 0, block_hash: Some(0x8aa55dc02ca90fc97b8ee9571cbe718ba3e616e36f0838b6b873c1c8d4202808), block_number: Some(18576336), from: 0xf39fd6e51aad88f6f4ce6ab8827279cfffb92266, to: Some(0xc3d2e1b9065b678a00fe55524750b33911bfc315), cumulative_gas_used: 3413165, gas_used: Some(3413165), contract_address: None, logs: [Log { address: 0x8e85537d56e5eb80578e52c97e2174c1206ab036, topics: [0x7656bed4e956fe059c82a390825d59e565ad76d49b58cc2866a08883b22793e3, 0xb420c3eec9ba052325c0c3786779f60556b9d771b86ed10f82468869d1eb5ba7], data: Bytes(0x00000000000000000000000000000000000000000000000000000000000003e40000000000000000000000000000000000000000000000000000000000000b9a), block_hash: Some(0x8aa55dc02ca90fc97b8ee9571cbe718ba3e616e36f0838b6b873c1c8d4202808), block_number: Some(18576336), transaction_hash: Some(0x5e585473a6aa9e95785189810e7ebad5abd9af508b7b37d0f44a8e887121bc0c), transaction_index: Some(0), log_index: Some(0), transaction_log_index: None, log_type: None, removed: Some(false) }], status: Some(1), root: None, logs_bloom: 0x02000000000000000000000000000000000010000000000000000000000000000000000002000000000000000000000000000000000000000000000000000000000000000000000000000000000000000000000000000000000000000000000000000000000000000000000000004000000000000100000000000000000000000000000000000000000000000000000000040000200000000000000000000000000000000000000000000000000000000000000000000000000000000000400000000000000000000000000000000000000000000000000000000000000000000000000002000000000000000000000000000000000000000000000000000000, transaction_type: Some(2), effective_gas_price: Some(50000000007), other: OtherFields { inner: {"blobGasPrice": String("0x1")} } })
[2026-05-22T14:56:13Z INFO  automata_dcap_qpl_tool::helper::tcb_fmspc_async] [1315][0xC3D2e1b9065b678a00Fe55524750B33911BFc315] txn[finalize_async_upsert] hash: 0x5b46b9f3388b66095a85ba6822fe66622a8df52fd3b1a3adc6ee13008af71168
[2026-05-22T14:56:20Z INFO  automata_dcap_qpl_tool::helper::tcb_fmspc_async] [1315][0xC3D2e1b9065b678a00Fe55524750B33911BFc315] txn[finalize_async_upsert] receipt: Some(TransactionReceipt { transaction_hash: 0x5b46b9f3388b66095a85ba6822fe66622a8df52fd3b1a3adc6ee13008af71168, transaction_index: 0, block_hash: Some(0xacc8351b92e832f3b3f688271bf92a325ec10655a1e866ad730f7f7c820dfce2), block_number: Some(18576337), from: 0xf39fd6e51aad88f6f4ce6ab8827279cfffb92266, to: Some(0xc3d2e1b9065b678a00fe55524750b33911bfc315), cumulative_gas_used: 1898713, gas_used: Some(1898713), contract_address: None, logs: [Log { address: 0x8e85537d56e5eb80578e52c97e2174c1206ab036, topics: [0x7656bed4e956fe059c82a390825d59e565ad76d49b58cc2866a08883b22793e3, 0x94c4884c68d2db94694f4425b347895b3a20f7a20ed86b0a1a0144fbe02d3c2b], data: Bytes(0x00000000000000000000000000000000000000000000000000000000000000200000000000000000000000000000000000000000000000000000000000000020), block_hash: Some(0xacc8351b92e832f3b3f688271bf92a325ec10655a1e866ad730f7f7c820dfce2), block_number: Some(18576337), transaction_hash: Some(0x5b46b9f3388b66095a85ba6822fe66622a8df52fd3b1a3adc6ee13008af71168), transaction_index: Some(0), log_index: Some(0), transaction_log_index: None, log_type: None, removed: Some(false) }, Log { address: 0x8e85537d56e5eb80578e52c97e2174c1206ab036, topics: [0x7656bed4e956fe059c82a390825d59e565ad76d49b58cc2866a08883b22793e3, 0xd840592d37407cf4228e6934d2595d3068f97721d92ee7fef393288d44cd5608], data: Bytes(0x00000000000000000000000000000000000000000000000000000000000000200000000000000000000000000000000000000000000000000000000000000020), block_hash: Some(0xacc8351b92e832f3b3f688271bf92a325ec10655a1e866ad730f7f7c820dfce2), block_number: Some(18576337), transaction_hash: Some(0x5b46b9f3388b66095a85ba6822fe66622a8df52fd3b1a3adc6ee13008af71168), transaction_index: Some(0), log_index: Some(1), transaction_log_index: None, log_type: None, removed: Some(false) }, Log { address: 0x8e85537d56e5eb80578e52c97e2174c1206ab036, topics: [0x7656bed4e956fe059c82a390825d59e565ad76d49b58cc2866a08883b22793e3, 0x5d82425e31073b12d75c95892b055ead79f4decb45fbc7a37d93bc1b485f505a], data: Bytes(0x00000000000000000000000000000000000000000000000000000000000000200000000000000000000000000000000000000000000000000000000000000020), block_hash: Some(0xacc8351b92e832f3b3f688271bf92a325ec10655a1e866ad730f7f7c820dfce2), block_number: Some(18576337), transaction_hash: Some(0x5b46b9f3388b66095a85ba6822fe66622a8df52fd3b1a3adc6ee13008af71168), transaction_index: Some(0), log_index: Some(2), transaction_log_index: None, log_type: None, removed: Some(false) }, Log { address: 0x8e85537d56e5eb80578e52c97e2174c1206ab036, topics: [0x4c1d95aa5b7b0987b2ce9caf74bc65727e4354e69ad1f8c9f3de71c109d00d2d, 0x02c053df62c53eb511dd2d9ae8ed55bef778eb9b7e99f4de369724c975a81722, 0x94c4884c68d2db94694f4425b347895b3a20f7a20ed86b0a1a0144fbe02d3c2b], data: Bytes(0x), block_hash: Some(0xacc8351b92e832f3b3f688271bf92a325ec10655a1e866ad730f7f7c820dfce2), block_number: Some(18576337), transaction_hash: Some(0x5b46b9f3388b66095a85ba6822fe66622a8df52fd3b1a3adc6ee13008af71168), transaction_index: Some(0), log_index: Some(3), transaction_log_index: None, log_type: None, removed: Some(false) }, Log { address: 0x8e85537d56e5eb80578e52c97e2174c1206ab036, topics: [0x4c1d95aa5b7b0987b2ce9caf74bc65727e4354e69ad1f8c9f3de71c109d00d2d, 0xc0b5831d4b627e913a57601926ba6bead80af5c7ee35c5ee3d85c071f2e76861, 0xd840592d37407cf4228e6934d2595d3068f97721d92ee7fef393288d44cd5608], data: Bytes(0x), block_hash: Some(0xacc8351b92e832f3b3f688271bf92a325ec10655a1e866ad730f7f7c820dfce2), block_number: Some(18576337), transaction_hash: Some(0x5b46b9f3388b66095a85ba6822fe66622a8df52fd3b1a3adc6ee13008af71168), transaction_index: Some(0), log_index: Some(4), transaction_log_index: None, log_type: None, removed: Some(false) }, Log { address: 0x8e85537d56e5eb80578e52c97e2174c1206ab036, topics: [0x4c1d95aa5b7b0987b2ce9caf74bc65727e4354e69ad1f8c9f3de71c109d00d2d, 0x8503835f05264df7c74d8c4e95b6e5d753848ccef318b722ed60f3b5a8cebb03, 0x5d82425e31073b12d75c95892b055ead79f4decb45fbc7a37d93bc1b485f505a], data: Bytes(0x), block_hash: Some(0xacc8351b92e832f3b3f688271bf92a325ec10655a1e866ad730f7f7c820dfce2), block_number: Some(18576337), transaction_hash: Some(0x5b46b9f3388b66095a85ba6822fe66622a8df52fd3b1a3adc6ee13008af71168), transaction_index: Some(0), log_index: Some(5), transaction_log_index: None, log_type: None, removed: Some(false) }, Log { address: 0x8e85537d56e5eb80578e52c97e2174c1206ab036, topics: [0x4c1d95aa5b7b0987b2ce9caf74bc65727e4354e69ad1f8c9f3de71c109d00d2d, 0x413d9efb64c85d86ef990e784c6cb6c4e7e127a49ba78d2ce21e085659348cbd, 0x413d9efb64c85d86ef990e784c6cb6c4e7e127a49ba78d2ce21e085659348cbd], data: Bytes(0x), block_hash: Some(0xacc8351b92e832f3b3f688271bf92a325ec10655a1e866ad730f7f7c820dfce2), block_number: Some(18576337), transaction_hash: Some(0x5b46b9f3388b66095a85ba6822fe66622a8df52fd3b1a3adc6ee13008af71168), transaction_index: Some(0), log_index: Some(6), transaction_log_index: None, log_type: None, removed: Some(false) }, Log { address: 0xc3d2e1b9065b678a00fe55524750b33911bfc315, topics: [0x1a463e8f53a16684615daa3981a361ef46053ca65356aca9ec7b63e327478928, 0x0000000000000000000000000000000000000000000000000000000000000000, 0x00606a0000000000000000000000000000000000000000000000000000000000, 0x0000000000000000000000000000000000000000000000000000000000000003], data: Bytes(0x), block_hash: Some(0xacc8351b92e832f3b3f688271bf92a325ec10655a1e866ad730f7f7c820dfce2), block_number: Some(18576337), transaction_hash: Some(0x5b46b9f3388b66095a85ba6822fe66622a8df52fd3b1a3adc6ee13008af71168), transaction_index: Some(0), log_index: Some(7), transaction_log_index: None, log_type: None, removed: Some(false) }], status: Some(1), root: None, logs_bloom: 0x02000000000800000010000000000000000000000000000000002000000000000000000000002800000800000000000000000200020000000000000000010000000000080000008000000000010000000000000000000200000000000008000400000000020000280000000000004800000000000000100000000000000000200200000000000000400000001000002000040200200000000000000000002000000001000000400000000000000000000000000100800000000100000000400000000000000002000000000000000000000000008000000000000000000020000000000002000001000000010000000000000000000000000000000000002000, transaction_type: Some(2), effective_gas_price: Some(50000000007), other: OtherFields { inner: {"blobGasPrice": String("0x1")} } })

================================================================
[6/12] Read + validate post-first-upsert
================================================================

================================================================
READ + VALIDATE (first)
================================================================
router contentHash         = 0x2f41e997bed8656b1004b828f85ff4b865e147363f0bc0623195d878927d3c3e
DAO tcbKey                 = 0xb975242077326c11378f0c8879da2e623f43f5a7402e6ae60f1b1b68638ebb1a
DAO issueDate              = 1779292924 [1.779e9]  (2026-05-20T16:02:04+00:00)
DAO nextUpdate             = 1781884924 [1.781e9]  (2026-06-19T16:02:04+00:00)
DAO raw sha256             = 0xfc00320cde98fc0abadebb7906c94ac5715aeeab621d0b1c3d0096cd7ca4f7fb
  validate rawHash                   expected=0xfc00320cde98fc0abadebb7906c94ac5715aeeab621d0b1c3d0096cd7ca4f7fb  actual=0xfc00320cde98fc0abadebb7906c94ac5715aeeab621d0b1c3d0096cd7ca4f7fb  [ok]
  validate issueDate                 expected=1779292924  actual=1779292924  [ok]
  validate nextUpdate                expected=1781884924  actual=1781884924  [ok]
  validate router contentHash    ok (0x2f41e997bed8656b1004b828f85ff4b865e147363f0bc0623195d878927d3c3e)
VALIDATION PASSED (first)

================================================================
[7/12] Verify SGX quote (after first upsert)
================================================================

================================================================
VERIFY (first) — verifyAndAttestOnChain
================================================================
verifyAndAttestOnChain returned success=true (first)

================================================================
[8/12] Sleep 0s to let Intel rotate
================================================================

================================================================
[9/12] Fetch Intel snapshot-2
================================================================
[fetch] https://api.trustedservices.intel.com/sgx/certification/v4/tcb?fmspc=00606a000000&tcbEvaluationDataNumber=19
[fetch] saved 9346 bytes → /home/rustdev/shared/code/pccs-async-upsert-project/automata-on-chain-pccs/logs/intel-snapshot-2.json
  issueDate          = 2026-05-22T13:42:53Z
  nextUpdate         = 2026-06-21T13:42:53Z
  evalNumber         = 19
  signature[:16]     = 45f02219aac5476b…
  sha256(rawInner)   = 0x644a6890b4d850fac2ca8f34e772f6c3456f63e741b28f4c920cb53eeee0df6d
  rawInner length    = 9191 bytes
Intel rotated between fetches — proceeding with second upsert.

================================================================
[10/12] Second async upsert (rotated snapshot)
================================================================

================================================================
UPSERT (second) — fmspc=00606a000000 tcbEval=19
================================================================
[2026-05-22T14:57:11Z INFO  automata_dcap_qpl_tool::helper::tcb_fmspc_async] [1315][0xC3D2e1b9065b678a00Fe55524750B33911BFc315] txn[start_async_upsert] hash: 0xc8c9e419f670061c6fb2f5bd862684231aed23167d221d0b47094f307b4d1794
[2026-05-22T14:57:18Z INFO  automata_dcap_qpl_tool::helper::tcb_fmspc_async] [1315][0xC3D2e1b9065b678a00Fe55524750B33911BFc315] txn[start_async_upsert] receipt: Some(TransactionReceipt { transaction_hash: 0xc8c9e419f670061c6fb2f5bd862684231aed23167d221d0b47094f307b4d1794, transaction_index: 0, block_hash: Some(0x95629c2d44fe727b7e8715b83086a37e72c6292c854869c587ce0e8debc07cd2), block_number: Some(18576338), from: 0xf39fd6e51aad88f6f4ce6ab8827279cfffb92266, to: Some(0xc3d2e1b9065b678a00fe55524750b33911bfc315), cumulative_gas_used: 317563, gas_used: Some(317563), contract_address: None, logs: [Log { address: 0x8e85537d56e5eb80578e52c97e2174c1206ab036, topics: [0xe8c60b50c51da54511df9b2a8734e83cd565108d8a878ff287cd5b03de8f98b4, 0xade755ded8fbe536b6c3474b24f5597307c5fbe3c680da23d6c726c1675426b8], data: Bytes(0x), block_hash: Some(0x95629c2d44fe727b7e8715b83086a37e72c6292c854869c587ce0e8debc07cd2), block_number: Some(18576338), transaction_hash: Some(0xc8c9e419f670061c6fb2f5bd862684231aed23167d221d0b47094f307b4d1794), transaction_index: Some(0), log_index: Some(0), transaction_log_index: None, log_type: None, removed: Some(false) }, Log { address: 0x8e85537d56e5eb80578e52c97e2174c1206ab036, topics: [0xe8c60b50c51da54511df9b2a8734e83cd565108d8a878ff287cd5b03de8f98b4, 0xe7f0a5236dc4da124a4baf469da1d93d966005067680b1c4ae467613cbbf7cf9], data: Bytes(0x), block_hash: Some(0x95629c2d44fe727b7e8715b83086a37e72c6292c854869c587ce0e8debc07cd2), block_number: Some(18576338), transaction_hash: Some(0xc8c9e419f670061c6fb2f5bd862684231aed23167d221d0b47094f307b4d1794), transaction_index: Some(0), log_index: Some(1), transaction_log_index: None, log_type: None, removed: Some(false) }, Log { address: 0x8e85537d56e5eb80578e52c97e2174c1206ab036, topics: [0xe8c60b50c51da54511df9b2a8734e83cd565108d8a878ff287cd5b03de8f98b4, 0x08f863894d9c972d02c0f796c0edd3f55b44c90d9fd0eed1c914d55056e50656], data: Bytes(0x), block_hash: Some(0x95629c2d44fe727b7e8715b83086a37e72c6292c854869c587ce0e8debc07cd2), block_number: Some(18576338), transaction_hash: Some(0xc8c9e419f670061c6fb2f5bd862684231aed23167d221d0b47094f307b4d1794), transaction_index: Some(0), log_index: Some(2), transaction_log_index: None, log_type: None, removed: Some(false) }, Log { address: 0x8e85537d56e5eb80578e52c97e2174c1206ab036, topics: [0xe8c60b50c51da54511df9b2a8734e83cd565108d8a878ff287cd5b03de8f98b4, 0xf429fb6047a3baf157ebdb05668dc1ca1f6e8eb79663a1c6c5a277158e1afc03], data: Bytes(0x), block_hash: Some(0x95629c2d44fe727b7e8715b83086a37e72c6292c854869c587ce0e8debc07cd2), block_number: Some(18576338), transaction_hash: Some(0xc8c9e419f670061c6fb2f5bd862684231aed23167d221d0b47094f307b4d1794), transaction_index: Some(0), log_index: Some(3), transaction_log_index: None, log_type: None, removed: Some(false) }], status: Some(1), root: None, logs_bloom: 0x00000000000000000000000000010000000000000040000000000000000000000000000000000000800000000000000000000000000000000000000000000000000000000000000000000000000000000000000000000000000000000000000000000000000000000000000000000000000000008000000000400000000000000000000000000000000000000000000000040000200000000000000000000000100000000000000000000000000000000000000004080000000000000000000000000400000000000000400000000000001000400000000000000000000000000000000002000000000000400000008000000000000000000000080000000000, transaction_type: Some(2), effective_gas_price: Some(50000000007), other: OtherFields { inner: {"blobGasPrice": String("0x1")} } })
[2026-05-22T14:57:18Z INFO  automata_dcap_qpl_tool::helper::tcb_fmspc_async] [1315][0xC3D2e1b9065b678a00Fe55524750B33911BFc315] txn[upload_chunk_data_0] hash: 0x8988dface0160eb68813031e6f272fb2be698973446dcc25b7bdc8e957e243ed
[2026-05-22T14:57:25Z INFO  automata_dcap_qpl_tool::helper::tcb_fmspc_async] [1315][0xC3D2e1b9065b678a00Fe55524750B33911BFc315] txn[upload_chunk_data_0] receipt: Some(TransactionReceipt { transaction_hash: 0x8988dface0160eb68813031e6f272fb2be698973446dcc25b7bdc8e957e243ed, transaction_index: 0, block_hash: Some(0x15aeac11422062c5aabf400c44acd4fad4baab2e7673d39a9b189e7d199419e1), block_number: Some(18576339), from: 0xf39fd6e51aad88f6f4ce6ab8827279cfffb92266, to: Some(0xc3d2e1b9065b678a00fe55524750b33911bfc315), cumulative_gas_used: 5878318, gas_used: Some(5878318), contract_address: None, logs: [Log { address: 0x8e85537d56e5eb80578e52c97e2174c1206ab036, topics: [0x7656bed4e956fe059c82a390825d59e565ad76d49b58cc2866a08883b22793e3, 0xade755ded8fbe536b6c3474b24f5597307c5fbe3c680da23d6c726c1675426b8], data: Bytes(0x00000000000000000000000000000000000000000000000000000000000020000000000000000000000000000000000000000000000000000000000000002000), block_hash: Some(0x15aeac11422062c5aabf400c44acd4fad4baab2e7673d39a9b189e7d199419e1), block_number: Some(18576339), transaction_hash: Some(0x8988dface0160eb68813031e6f272fb2be698973446dcc25b7bdc8e957e243ed), transaction_index: Some(0), log_index: Some(0), transaction_log_index: None, log_type: None, removed: Some(false) }], status: Some(1), root: None, logs_bloom: 0x02000000000000000000000000000000000000000000000000000000000000000000000000000000000000000000000000000000000000000000000000000000000000000000000000000000000000000000000000000000000000000000000000000000000000000000000000004000000000000000000000400000000000000000000000000000000000000000000000040000200000000000000000000000100000000000000000000000000000000000000000000000000000000000400000000000000000000000000000000000000000000000000000000000000000000000000002000000000000000000000000000000000000000000080000000000, transaction_type: Some(2), effective_gas_price: Some(50000000007), other: OtherFields { inner: {"blobGasPrice": String("0x1")} } })
[2026-05-22T14:57:25Z INFO  automata_dcap_qpl_tool::helper::tcb_fmspc_async] [1315][0xC3D2e1b9065b678a00Fe55524750B33911BFc315] txn[upload_chunk_data_1] hash: 0xe9a2a374e662437cef383cfb19b0521a221e629dcb62bfacf4b597221dc43faf
[2026-05-22T14:57:32Z INFO  automata_dcap_qpl_tool::helper::tcb_fmspc_async] [1315][0xC3D2e1b9065b678a00Fe55524750B33911BFc315] txn[upload_chunk_data_1] receipt: Some(TransactionReceipt { transaction_hash: 0xe9a2a374e662437cef383cfb19b0521a221e629dcb62bfacf4b597221dc43faf, transaction_index: 0, block_hash: Some(0x5232bcbf6cbdb79663c2bc28e52aef997bb7363313de32ad22cfbeea03f23d18), block_number: Some(18576340), from: 0xf39fd6e51aad88f6f4ce6ab8827279cfffb92266, to: Some(0xc3d2e1b9065b678a00fe55524750b33911bfc315), cumulative_gas_used: 1385917, gas_used: Some(1385917), contract_address: None, logs: [Log { address: 0x8e85537d56e5eb80578e52c97e2174c1206ab036, topics: [0x7656bed4e956fe059c82a390825d59e565ad76d49b58cc2866a08883b22793e3, 0xade755ded8fbe536b6c3474b24f5597307c5fbe3c680da23d6c726c1675426b8], data: Bytes(0x00000000000000000000000000000000000000000000000000000000000003e700000000000000000000000000000000000000000000000000000000000023e7), block_hash: Some(0x5232bcbf6cbdb79663c2bc28e52aef997bb7363313de32ad22cfbeea03f23d18), block_number: Some(18576340), transaction_hash: Some(0xe9a2a374e662437cef383cfb19b0521a221e629dcb62bfacf4b597221dc43faf), transaction_index: Some(0), log_index: Some(0), transaction_log_index: None, log_type: None, removed: Some(false) }], status: Some(1), root: None, logs_bloom: 0x02000000000000000000000000000000000000000000000000000000000000000000000000000000000000000000000000000000000000000000000000000000000000000000000000000000000000000000000000000000000000000000000000000000000000000000000000004000000000000000000000400000000000000000000000000000000000000000000000040000200000000000000000000000100000000000000000000000000000000000000000000000000000000000400000000000000000000000000000000000000000000000000000000000000000000000000002000000000000000000000000000000000000000000080000000000, transaction_type: Some(2), effective_gas_price: Some(50000000007), other: OtherFields { inner: {"blobGasPrice": String("0x1")} } })
[2026-05-22T14:57:32Z INFO  automata_dcap_qpl_tool::helper::tcb_fmspc_async] [1315][0xC3D2e1b9065b678a00Fe55524750B33911BFc315] txn[upload_components_template] hash: 0x78017dd3391a3278101fa8b5c9310b41eaa3a450fb87b0c260d810a01ce39be9
[2026-05-22T14:57:39Z INFO  automata_dcap_qpl_tool::helper::tcb_fmspc_async] [1315][0xC3D2e1b9065b678a00Fe55524750B33911BFc315] txn[upload_components_template] receipt: Some(TransactionReceipt { transaction_hash: 0x78017dd3391a3278101fa8b5c9310b41eaa3a450fb87b0c260d810a01ce39be9, transaction_index: 0, block_hash: Some(0xef802379a1f620bf205819f1611d316a67ee867261bb73cf33516d3cee4ced0f), block_number: Some(18576341), from: 0xf39fd6e51aad88f6f4ce6ab8827279cfffb92266, to: Some(0xc3d2e1b9065b678a00fe55524750b33911bfc315), cumulative_gas_used: 358254, gas_used: Some(358254), contract_address: None, logs: [Log { address: 0x8e85537d56e5eb80578e52c97e2174c1206ab036, topics: [0xe8c60b50c51da54511df9b2a8734e83cd565108d8a878ff287cd5b03de8f98b4, 0xf3e957a29759982c897c70c9599179cb596e6a69ba28bd980a43f9c72cd4c7fd], data: Bytes(0x), block_hash: Some(0xef802379a1f620bf205819f1611d316a67ee867261bb73cf33516d3cee4ced0f), block_number: Some(18576341), transaction_hash: Some(0x78017dd3391a3278101fa8b5c9310b41eaa3a450fb87b0c260d810a01ce39be9), transaction_index: Some(0), log_index: Some(0), transaction_log_index: None, log_type: None, removed: Some(false) }, Log { address: 0x8e85537d56e5eb80578e52c97e2174c1206ab036, topics: [0x7656bed4e956fe059c82a390825d59e565ad76d49b58cc2866a08883b22793e3, 0xf3e957a29759982c897c70c9599179cb596e6a69ba28bd980a43f9c72cd4c7fd], data: Bytes(0x00000000000000000000000000000000000000000000000000000000000001490000000000000000000000000000000000000000000000000000000000000149), block_hash: Some(0xef802379a1f620bf205819f1611d316a67ee867261bb73cf33516d3cee4ced0f), block_number: Some(18576341), transaction_hash: Some(0x78017dd3391a3278101fa8b5c9310b41eaa3a450fb87b0c260d810a01ce39be9), transaction_index: Some(0), log_index: Some(1), transaction_log_index: None, log_type: None, removed: Some(false) }], status: Some(1), root: None, logs_bloom: 0x02000000000000000000000000010000000000000000000000000000000000000000000000000000000000000000000000000000000000000000000000000000000000000000000000000000000000000000000000000000000000000000000000000000000000000000000000004000000000000000000000000000000000000000000000000000000000000000000000040000200000000000000000000000000000000000000000000000000000000000000000000000000000000000400000008000000000000004000000000000001000000000000000000000000000000000000002000000000000000000008000000000080000000000000000000000, transaction_type: Some(2), effective_gas_price: Some(50000000007), other: OtherFields { inner: {"blobGasPrice": String("0x1")} } })
[2026-05-22T14:57:39Z INFO  automata_dcap_qpl_tool::helper::tcb_fmspc_async] [1315][0xC3D2e1b9065b678a00Fe55524750B33911BFc315] txn[commit_basics_extract] hash: 0x02e1835bdd3f17975ec7c4c8e138fcf440d61db08c45455eb93cf6484c35bf97
[2026-05-22T14:57:46Z INFO  automata_dcap_qpl_tool::helper::tcb_fmspc_async] [1315][0xC3D2e1b9065b678a00Fe55524750B33911BFc315] txn[commit_basics_extract] receipt: Some(TransactionReceipt { transaction_hash: 0x02e1835bdd3f17975ec7c4c8e138fcf440d61db08c45455eb93cf6484c35bf97, transaction_index: 0, block_hash: Some(0x1c684f221f71f4b1af92d48b3c6a2e41919364e74d623df867602665b6a05820), block_number: Some(18576342), from: 0xf39fd6e51aad88f6f4ce6ab8827279cfffb92266, to: Some(0xc3d2e1b9065b678a00fe55524750b33911bfc315), cumulative_gas_used: 1126364, gas_used: Some(1126364), contract_address: None, logs: [], status: Some(1), root: None, logs_bloom: 0x00000000000000000000000000000000000000000000000000000000000000000000000000000000000000000000000000000000000000000000000000000000000000000000000000000000000000000000000000000000000000000000000000000000000000000000000000000000000000000000000000000000000000000000000000000000000000000000000000000000000000000000000000000000000000000000000000000000000000000000000000000000000000000000000000000000000000000000000000000000000000000000000000000000000000000000000000000000000000000000000000000000000000000000000000000000, transaction_type: Some(2), effective_gas_price: Some(50000000007), other: OtherFields { inner: {"blobGasPrice": String("0x1")} } })
[2026-05-22T14:57:46Z INFO  automata_dcap_qpl_tool::helper::tcb_fmspc_async] [1315][0xC3D2e1b9065b678a00Fe55524750B33911BFc315] txn[commit_tcb_levels_range] hash: 0xdd1d42d086949f7ddb5c28aa13f4db34d00a451d653ad45ad6cb9718c0f8d1e1
[2026-05-22T14:57:53Z INFO  automata_dcap_qpl_tool::helper::tcb_fmspc_async] [1315][0xC3D2e1b9065b678a00Fe55524750B33911BFc315] txn[commit_tcb_levels_range] receipt: Some(TransactionReceipt { transaction_hash: 0xdd1d42d086949f7ddb5c28aa13f4db34d00a451d653ad45ad6cb9718c0f8d1e1, transaction_index: 0, block_hash: Some(0xd08ff0d91019c34beb9b6ea6a9f6fad967dd6a54ecae3114ecabf168748dc519), block_number: Some(18576343), from: 0xf39fd6e51aad88f6f4ce6ab8827279cfffb92266, to: Some(0xc3d2e1b9065b678a00fe55524750b33911bfc315), cumulative_gas_used: 4002884, gas_used: Some(4002884), contract_address: None, logs: [Log { address: 0x8e85537d56e5eb80578e52c97e2174c1206ab036, topics: [0xe8c60b50c51da54511df9b2a8734e83cd565108d8a878ff287cd5b03de8f98b4, 0x318d66b6d57155666f4d34183783ac7f9507ab9323c067adca5bca056bc74f55], data: Bytes(0x), block_hash: Some(0xd08ff0d91019c34beb9b6ea6a9f6fad967dd6a54ecae3114ecabf168748dc519), block_number: Some(18576343), transaction_hash: Some(0xdd1d42d086949f7ddb5c28aa13f4db34d00a451d653ad45ad6cb9718c0f8d1e1), transaction_index: Some(0), log_index: Some(0), transaction_log_index: None, log_type: None, removed: Some(false) }], status: Some(1), root: None, logs_bloom: 0x00000000000000000000000000010000000000000000000000000000000000000000000000000000000000000000000000000000000000000000000000000000000000000000000000000000000000000000000000000000000000000000000000000000000000000000000000000000000000000000008000000000000000000000000000000000000000000000000000040020200000000000000000000000000000000000000000000000000000000000000000000000000000000000000000000000000000000000000000000000001000000000000000000000000000001000000002000000000000000000008000000000000000000000000000000000, transaction_type: Some(2), effective_gas_price: Some(50000000007), other: OtherFields { inner: {"blobGasPrice": String("0x1")} } })
[2026-05-22T14:57:53Z INFO  automata_dcap_qpl_tool::helper::tcb_fmspc_async] [1315][0xC3D2e1b9065b678a00Fe55524750B33911BFc315] txn[upload_parsed_tcb_levels_batch] hash: 0xaeb9d389f815184b65a2ce06e6a937247582e32cfbb296bc7523b6f06843243d
[2026-05-22T14:58:00Z INFO  automata_dcap_qpl_tool::helper::tcb_fmspc_async] [1315][0xC3D2e1b9065b678a00Fe55524750B33911BFc315] txn[upload_parsed_tcb_levels_batch] receipt: Some(TransactionReceipt { transaction_hash: 0xaeb9d389f815184b65a2ce06e6a937247582e32cfbb296bc7523b6f06843243d, transaction_index: 0, block_hash: Some(0x2fae154baeb2939064563b7e92d4b631a328874c4453828e751307b2b89b5c71), block_number: Some(18576344), from: 0xf39fd6e51aad88f6f4ce6ab8827279cfffb92266, to: Some(0xc3d2e1b9065b678a00fe55524750b33911bfc315), cumulative_gas_used: 2078676, gas_used: Some(2078676), contract_address: None, logs: [Log { address: 0x8e85537d56e5eb80578e52c97e2174c1206ab036, topics: [0x7656bed4e956fe059c82a390825d59e565ad76d49b58cc2866a08883b22793e3, 0x318d66b6d57155666f4d34183783ac7f9507ab9323c067adca5bca056bc74f55], data: Bytes(0x00000000000000000000000000000000000000000000000000000000000001410000000000000000000000000000000000000000000000000000000000000141), block_hash: Some(0x2fae154baeb2939064563b7e92d4b631a328874c4453828e751307b2b89b5c71), block_number: Some(18576344), transaction_hash: Some(0xaeb9d389f815184b65a2ce06e6a937247582e32cfbb296bc7523b6f06843243d), transaction_index: Some(0), log_index: Some(0), transaction_log_index: None, log_type: None, removed: Some(false) }], status: Some(1), root: None, logs_bloom: 0x02000000000000000000000000000000000000000000000000000000000000000000000000000000000000000000000000000000000000000000000000000000000000000000000000000000000000000000000000000000000000000000000000000000000000000000000000004000000000000000008000000000000000000000000000000000000000000000000000040020200000000000000000000000000000000000000000000000000000000000000000000000000000000000400000000000000000000000000000000000000000000000000000000000000000001000000002000000000000000000000000000000000000000000000000000000, transaction_type: Some(2), effective_gas_price: Some(50000000007), other: OtherFields { inner: {"blobGasPrice": String("0x1")} } })
[2026-05-22T14:58:00Z INFO  automata_dcap_qpl_tool::helper::tcb_fmspc_async] [1315][0xC3D2e1b9065b678a00Fe55524750B33911BFc315] txn[upload_parsed_tcb_levels_batch] hash: 0x79a1399f364772bf7e286f950e0e991b60f0e6648f645c65cf35c906b9532f3a
[2026-05-22T14:58:07Z INFO  automata_dcap_qpl_tool::helper::tcb_fmspc_async] [1315][0xC3D2e1b9065b678a00Fe55524750B33911BFc315] txn[upload_parsed_tcb_levels_batch] receipt: Some(TransactionReceipt { transaction_hash: 0x79a1399f364772bf7e286f950e0e991b60f0e6648f645c65cf35c906b9532f3a, transaction_index: 0, block_hash: Some(0x3e00416335c9b67688bc095b2f5fc2b8ddff249ab3c98af83667a103af92c841), block_number: Some(18576345), from: 0xf39fd6e51aad88f6f4ce6ab8827279cfffb92266, to: Some(0xc3d2e1b9065b678a00fe55524750b33911bfc315), cumulative_gas_used: 2247394, gas_used: Some(2247394), contract_address: None, logs: [Log { address: 0x8e85537d56e5eb80578e52c97e2174c1206ab036, topics: [0x7656bed4e956fe059c82a390825d59e565ad76d49b58cc2866a08883b22793e3, 0x318d66b6d57155666f4d34183783ac7f9507ab9323c067adca5bca056bc74f55], data: Bytes(0x00000000000000000000000000000000000000000000000000000000000001b900000000000000000000000000000000000000000000000000000000000002fa), block_hash: Some(0x3e00416335c9b67688bc095b2f5fc2b8ddff249ab3c98af83667a103af92c841), block_number: Some(18576345), transaction_hash: Some(0x79a1399f364772bf7e286f950e0e991b60f0e6648f645c65cf35c906b9532f3a), transaction_index: Some(0), log_index: Some(0), transaction_log_index: None, log_type: None, removed: Some(false) }], status: Some(1), root: None, logs_bloom: 0x02000000000000000000000000000000000000000000000000000000000000000000000000000000000000000000000000000000000000000000000000000000000000000000000000000000000000000000000000000000000000000000000000000000000000000000000000004000000000000000008000000000000000000000000000000000000000000000000000040020200000000000000000000000000000000000000000000000000000000000000000000000000000000000400000000000000000000000000000000000000000000000000000000000000000001000000002000000000000000000000000000000000000000000000000000000, transaction_type: Some(2), effective_gas_price: Some(50000000007), other: OtherFields { inner: {"blobGasPrice": String("0x1")} } })
[2026-05-22T14:58:07Z INFO  automata_dcap_qpl_tool::helper::tcb_fmspc_async] [1315][0xC3D2e1b9065b678a00Fe55524750B33911BFc315] txn[upload_parsed_tcb_levels_batch] hash: 0x3e80d0aabc297d06c741841cc11f9c781ad6447380c50fabcd9a83c389a7ae65
[2026-05-22T14:58:14Z INFO  automata_dcap_qpl_tool::helper::tcb_fmspc_async] [1315][0xC3D2e1b9065b678a00Fe55524750B33911BFc315] txn[upload_parsed_tcb_levels_batch] receipt: Some(TransactionReceipt { transaction_hash: 0x3e80d0aabc297d06c741841cc11f9c781ad6447380c50fabcd9a83c389a7ae65, transaction_index: 0, block_hash: Some(0x8cd16d4a674851bf0aa7db487a0a4d1381633daf15f021dfa5812999a7af4abd), block_number: Some(18576346), from: 0xf39fd6e51aad88f6f4ce6ab8827279cfffb92266, to: Some(0xc3d2e1b9065b678a00fe55524750b33911bfc315), cumulative_gas_used: 2483302, gas_used: Some(2483302), contract_address: None, logs: [Log { address: 0x8e85537d56e5eb80578e52c97e2174c1206ab036, topics: [0x7656bed4e956fe059c82a390825d59e565ad76d49b58cc2866a08883b22793e3, 0x318d66b6d57155666f4d34183783ac7f9507ab9323c067adca5bca056bc74f55], data: Bytes(0x0000000000000000000000000000000000000000000000000000000000000222000000000000000000000000000000000000000000000000000000000000051c), block_hash: Some(0x8cd16d4a674851bf0aa7db487a0a4d1381633daf15f021dfa5812999a7af4abd), block_number: Some(18576346), transaction_hash: Some(0x3e80d0aabc297d06c741841cc11f9c781ad6447380c50fabcd9a83c389a7ae65), transaction_index: Some(0), log_index: Some(0), transaction_log_index: None, log_type: None, removed: Some(false) }], status: Some(1), root: None, logs_bloom: 0x02000000000000000000000000000000000000000000000000000000000000000000000000000000000000000000000000000000000000000000000000000000000000000000000000000000000000000000000000000000000000000000000000000000000000000000000000004000000000000000008000000000000000000000000000000000000000000000000000040020200000000000000000000000000000000000000000000000000000000000000000000000000000000000400000000000000000000000000000000000000000000000000000000000000000001000000002000000000000000000000000000000000000000000000000000000, transaction_type: Some(2), effective_gas_price: Some(50000000007), other: OtherFields { inner: {"blobGasPrice": String("0x1")} } })
[2026-05-22T14:58:14Z INFO  automata_dcap_qpl_tool::helper::tcb_fmspc_async] [1315][0xC3D2e1b9065b678a00Fe55524750B33911BFc315] txn[upload_parsed_tcb_levels_batch] hash: 0xff3fd1dd7549cc71b5c6b5a168af7e0758b4f46bcf0f38e7c0f9b364236e77dc
[2026-05-22T14:58:21Z INFO  automata_dcap_qpl_tool::helper::tcb_fmspc_async] [1315][0xC3D2e1b9065b678a00Fe55524750B33911BFc315] txn[upload_parsed_tcb_levels_batch] receipt: Some(TransactionReceipt { transaction_hash: 0xff3fd1dd7549cc71b5c6b5a168af7e0758b4f46bcf0f38e7c0f9b364236e77dc, transaction_index: 0, block_hash: Some(0x413d5731ee65b4bf737cd4bfc1f4baab048af1b51dcba3aaa0267b6293fb7e1f), block_number: Some(18576347), from: 0xf39fd6e51aad88f6f4ce6ab8827279cfffb92266, to: Some(0xc3d2e1b9065b678a00fe55524750b33911bfc315), cumulative_gas_used: 2747378, gas_used: Some(2747378), contract_address: None, logs: [Log { address: 0x8e85537d56e5eb80578e52c97e2174c1206ab036, topics: [0x7656bed4e956fe059c82a390825d59e565ad76d49b58cc2866a08883b22793e3, 0x318d66b6d57155666f4d34183783ac7f9507ab9323c067adca5bca056bc74f55], data: Bytes(0x000000000000000000000000000000000000000000000000000000000000029a00000000000000000000000000000000000000000000000000000000000007b6), block_hash: Some(0x413d5731ee65b4bf737cd4bfc1f4baab048af1b51dcba3aaa0267b6293fb7e1f), block_number: Some(18576347), transaction_hash: Some(0xff3fd1dd7549cc71b5c6b5a168af7e0758b4f46bcf0f38e7c0f9b364236e77dc), transaction_index: Some(0), log_index: Some(0), transaction_log_index: None, log_type: None, removed: Some(false) }], status: Some(1), root: None, logs_bloom: 0x02000000000000000000000000000000000000000000000000000000000000000000000000000000000000000000000000000000000000000000000000000000000000000000000000000000000000000000000000000000000000000000000000000000000000000000000000004000000000000000008000000000000000000000000000000000000000000000000000040020200000000000000000000000000000000000000000000000000000000000000000000000000000000000400000000000000000000000000000000000000000000000000000000000000000001000000002000000000000000000000000000000000000000000000000000000, transaction_type: Some(2), effective_gas_price: Some(50000000007), other: OtherFields { inner: {"blobGasPrice": String("0x1")} } })
[2026-05-22T14:58:21Z INFO  automata_dcap_qpl_tool::helper::tcb_fmspc_async] [1315][0xC3D2e1b9065b678a00Fe55524750B33911BFc315] txn[upload_parsed_tcb_levels_batch] hash: 0xcdedd6b6e77d14bc3dc8b7d91c5144a987c6939792ec8ec84c90e5a3ceaf5955
[2026-05-22T14:58:28Z INFO  automata_dcap_qpl_tool::helper::tcb_fmspc_async] [1315][0xC3D2e1b9065b678a00Fe55524750B33911BFc315] txn[upload_parsed_tcb_levels_batch] receipt: Some(TransactionReceipt { transaction_hash: 0xcdedd6b6e77d14bc3dc8b7d91c5144a987c6939792ec8ec84c90e5a3ceaf5955, transaction_index: 0, block_hash: Some(0xc5ae748220f4ff2a1b5d03f89e07e51d7fba72ff15b74c0d4dd06ea4eda52f07), block_number: Some(18576348), from: 0xf39fd6e51aad88f6f4ce6ab8827279cfffb92266, to: Some(0xc3d2e1b9065b678a00fe55524750b33911bfc315), cumulative_gas_used: 3413165, gas_used: Some(3413165), contract_address: None, logs: [Log { address: 0x8e85537d56e5eb80578e52c97e2174c1206ab036, topics: [0x7656bed4e956fe059c82a390825d59e565ad76d49b58cc2866a08883b22793e3, 0x318d66b6d57155666f4d34183783ac7f9507ab9323c067adca5bca056bc74f55], data: Bytes(0x00000000000000000000000000000000000000000000000000000000000003e40000000000000000000000000000000000000000000000000000000000000b9a), block_hash: Some(0xc5ae748220f4ff2a1b5d03f89e07e51d7fba72ff15b74c0d4dd06ea4eda52f07), block_number: Some(18576348), transaction_hash: Some(0xcdedd6b6e77d14bc3dc8b7d91c5144a987c6939792ec8ec84c90e5a3ceaf5955), transaction_index: Some(0), log_index: Some(0), transaction_log_index: None, log_type: None, removed: Some(false) }], status: Some(1), root: None, logs_bloom: 0x02000000000000000000000000000000000000000000000000000000000000000000000000000000000000000000000000000000000000000000000000000000000000000000000000000000000000000000000000000000000000000000000000000000000000000000000000004000000000000000008000000000000000000000000000000000000000000000000000040020200000000000000000000000000000000000000000000000000000000000000000000000000000000000400000000000000000000000000000000000000000000000000000000000000000001000000002000000000000000000000000000000000000000000000000000000, transaction_type: Some(2), effective_gas_price: Some(50000000007), other: OtherFields { inner: {"blobGasPrice": String("0x1")} } })
[2026-05-22T14:58:29Z INFO  automata_dcap_qpl_tool::helper::tcb_fmspc_async] [1315][0xC3D2e1b9065b678a00Fe55524750B33911BFc315] txn[finalize_async_upsert] hash: 0xce1f88225d11cb3d404f559c9b2c32d2acffeda0ca1d541e8702ced6f306d156
[2026-05-22T14:58:36Z INFO  automata_dcap_qpl_tool::helper::tcb_fmspc_async] [1315][0xC3D2e1b9065b678a00Fe55524750B33911BFc315] txn[finalize_async_upsert] receipt: Some(TransactionReceipt { transaction_hash: 0xce1f88225d11cb3d404f559c9b2c32d2acffeda0ca1d541e8702ced6f306d156, transaction_index: 0, block_hash: Some(0xf9a054db747177a65f8b724131fed562c62738e19b90ee3c6e710322f6ca5299), block_number: Some(18576349), from: 0xf39fd6e51aad88f6f4ce6ab8827279cfffb92266, to: Some(0xc3d2e1b9065b678a00fe55524750b33911bfc315), cumulative_gas_used: 1825061, gas_used: Some(1825061), contract_address: None, logs: [Log { address: 0x8e85537d56e5eb80578e52c97e2174c1206ab036, topics: [0x7656bed4e956fe059c82a390825d59e565ad76d49b58cc2866a08883b22793e3, 0xe7f0a5236dc4da124a4baf469da1d93d966005067680b1c4ae467613cbbf7cf9], data: Bytes(0x00000000000000000000000000000000000000000000000000000000000000200000000000000000000000000000000000000000000000000000000000000020), block_hash: Some(0xf9a054db747177a65f8b724131fed562c62738e19b90ee3c6e710322f6ca5299), block_number: Some(18576349), transaction_hash: Some(0xce1f88225d11cb3d404f559c9b2c32d2acffeda0ca1d541e8702ced6f306d156), transaction_index: Some(0), log_index: Some(0), transaction_log_index: None, log_type: None, removed: Some(false) }, Log { address: 0x8e85537d56e5eb80578e52c97e2174c1206ab036, topics: [0x7656bed4e956fe059c82a390825d59e565ad76d49b58cc2866a08883b22793e3, 0x08f863894d9c972d02c0f796c0edd3f55b44c90d9fd0eed1c914d55056e50656], data: Bytes(0x00000000000000000000000000000000000000000000000000000000000000200000000000000000000000000000000000000000000000000000000000000020), block_hash: Some(0xf9a054db747177a65f8b724131fed562c62738e19b90ee3c6e710322f6ca5299), block_number: Some(18576349), transaction_hash: Some(0xce1f88225d11cb3d404f559c9b2c32d2acffeda0ca1d541e8702ced6f306d156), transaction_index: Some(0), log_index: Some(1), transaction_log_index: None, log_type: None, removed: Some(false) }, Log { address: 0x8e85537d56e5eb80578e52c97e2174c1206ab036, topics: [0x7656bed4e956fe059c82a390825d59e565ad76d49b58cc2866a08883b22793e3, 0xf429fb6047a3baf157ebdb05668dc1ca1f6e8eb79663a1c6c5a277158e1afc03], data: Bytes(0x00000000000000000000000000000000000000000000000000000000000000200000000000000000000000000000000000000000000000000000000000000020), block_hash: Some(0xf9a054db747177a65f8b724131fed562c62738e19b90ee3c6e710322f6ca5299), block_number: Some(18576349), transaction_hash: Some(0xce1f88225d11cb3d404f559c9b2c32d2acffeda0ca1d541e8702ced6f306d156), transaction_index: Some(0), log_index: Some(2), transaction_log_index: None, log_type: None, removed: Some(false) }, Log { address: 0x8e85537d56e5eb80578e52c97e2174c1206ab036, topics: [0x4c1d95aa5b7b0987b2ce9caf74bc65727e4354e69ad1f8c9f3de71c109d00d2d, 0x02c053df62c53eb511dd2d9ae8ed55bef778eb9b7e99f4de369724c975a81722, 0xe7f0a5236dc4da124a4baf469da1d93d966005067680b1c4ae467613cbbf7cf9], data: Bytes(0x), block_hash: Some(0xf9a054db747177a65f8b724131fed562c62738e19b90ee3c6e710322f6ca5299), block_number: Some(18576349), transaction_hash: Some(0xce1f88225d11cb3d404f559c9b2c32d2acffeda0ca1d541e8702ced6f306d156), transaction_index: Some(0), log_index: Some(3), transaction_log_index: None, log_type: None, removed: Some(false) }, Log { address: 0x8e85537d56e5eb80578e52c97e2174c1206ab036, topics: [0x4c1d95aa5b7b0987b2ce9caf74bc65727e4354e69ad1f8c9f3de71c109d00d2d, 0xc0b5831d4b627e913a57601926ba6bead80af5c7ee35c5ee3d85c071f2e76861, 0x08f863894d9c972d02c0f796c0edd3f55b44c90d9fd0eed1c914d55056e50656], data: Bytes(0x), block_hash: Some(0xf9a054db747177a65f8b724131fed562c62738e19b90ee3c6e710322f6ca5299), block_number: Some(18576349), transaction_hash: Some(0xce1f88225d11cb3d404f559c9b2c32d2acffeda0ca1d541e8702ced6f306d156), transaction_index: Some(0), log_index: Some(4), transaction_log_index: None, log_type: None, removed: Some(false) }, Log { address: 0x8e85537d56e5eb80578e52c97e2174c1206ab036, topics: [0x4c1d95aa5b7b0987b2ce9caf74bc65727e4354e69ad1f8c9f3de71c109d00d2d, 0x8503835f05264df7c74d8c4e95b6e5d753848ccef318b722ed60f3b5a8cebb03, 0xf429fb6047a3baf157ebdb05668dc1ca1f6e8eb79663a1c6c5a277158e1afc03], data: Bytes(0x), block_hash: Some(0xf9a054db747177a65f8b724131fed562c62738e19b90ee3c6e710322f6ca5299), block_number: Some(18576349), transaction_hash: Some(0xce1f88225d11cb3d404f559c9b2c32d2acffeda0ca1d541e8702ced6f306d156), transaction_index: Some(0), log_index: Some(5), transaction_log_index: None, log_type: None, removed: Some(false) }, Log { address: 0x8e85537d56e5eb80578e52c97e2174c1206ab036, topics: [0x4c1d95aa5b7b0987b2ce9caf74bc65727e4354e69ad1f8c9f3de71c109d00d2d, 0xade755ded8fbe536b6c3474b24f5597307c5fbe3c680da23d6c726c1675426b8, 0xade755ded8fbe536b6c3474b24f5597307c5fbe3c680da23d6c726c1675426b8], data: Bytes(0x), block_hash: Some(0xf9a054db747177a65f8b724131fed562c62738e19b90ee3c6e710322f6ca5299), block_number: Some(18576349), transaction_hash: Some(0xce1f88225d11cb3d404f559c9b2c32d2acffeda0ca1d541e8702ced6f306d156), transaction_index: Some(0), log_index: Some(6), transaction_log_index: None, log_type: None, removed: Some(false) }, Log { address: 0xc3d2e1b9065b678a00fe55524750b33911bfc315, topics: [0x1a463e8f53a16684615daa3981a361ef46053ca65356aca9ec7b63e327478928, 0x0000000000000000000000000000000000000000000000000000000000000000, 0x00606a0000000000000000000000000000000000000000000000000000000000, 0x0000000000000000000000000000000000000000000000000000000000000003], data: Bytes(0x), block_hash: Some(0xf9a054db747177a65f8b724131fed562c62738e19b90ee3c6e710322f6ca5299), block_number: Some(18576349), transaction_hash: Some(0xce1f88225d11cb3d404f559c9b2c32d2acffeda0ca1d541e8702ced6f306d156), transaction_index: Some(0), log_index: Some(7), transaction_log_index: None, log_type: None, removed: Some(false) }], status: Some(1), root: None, logs_bloom: 0x02000000000000000010000000000000000000000040000000002000000000000000000000002000800000000000000000000000020000000000000000000000000000080000008000000000000000000000000000000200000000000000000000000000020000200000000000004800000000008000100000400000000000200200000000000000400000001000000000040200200000000000000000002000100001000000400000000000000000000000000004880000000000000000400000000400000002000000400000000000000000408000000000000000000020000000000002000001000000410000000000000000000000000000080000002000, transaction_type: Some(2), effective_gas_price: Some(50000000007), other: OtherFields { inner: {"blobGasPrice": String("0x1")} } })

================================================================
[11/12] Read + validate post-second-upsert
================================================================

================================================================
READ + VALIDATE (second)
================================================================
router contentHash         = 0x2f41e997bed8656b1004b828f85ff4b865e147363f0bc0623195d878927d3c3e
DAO tcbKey                 = 0xb975242077326c11378f0c8879da2e623f43f5a7402e6ae60f1b1b68638ebb1a
DAO issueDate              = 1779457373 [1.779e9]  (2026-05-22T13:42:53+00:00)
DAO nextUpdate             = 1782049373 [1.782e9]  (2026-06-21T13:42:53+00:00)
DAO raw sha256             = 0x644a6890b4d850fac2ca8f34e772f6c3456f63e741b28f4c920cb53eeee0df6d
  validate rawHash                   expected=0x644a6890b4d850fac2ca8f34e772f6c3456f63e741b28f4c920cb53eeee0df6d  actual=0x644a6890b4d850fac2ca8f34e772f6c3456f63e741b28f4c920cb53eeee0df6d  [ok]
  validate issueDate                 expected=1779457373  actual=1779457373  [ok]
  validate nextUpdate                expected=1782049373  actual=1782049373  [ok]
  validate router contentHash    ok (0x2f41e997bed8656b1004b828f85ff4b865e147363f0bc0623195d878927d3c3e)
VALIDATION PASSED (second)
snapshot-1 sha256 = 0xfc00320cde98fc0abadebb7906c94ac5715aeeab621d0b1c3d0096cd7ca4f7fb
snapshot-2 sha256 = 0x644a6890b4d850fac2ca8f34e772f6c3456f63e741b28f4c920cb53eeee0df6d
CONFIRMED: chain now serves snapshot-2 (different rawHash from snapshot-1)

================================================================
[12/12] Verify SGX quote (after second upsert)
================================================================

================================================================
VERIFY (second) — verifyAndAttestOnChain
================================================================
verifyAndAttestOnChain returned success=true (second)

================================================================
ALL DONE
================================================================
snapshot-1 → /home/rustdev/shared/code/pccs-async-upsert-project/automata-on-chain-pccs/logs/intel-snapshot-1.json
snapshot-2 → /home/rustdev/shared/code/pccs-async-upsert-project/automata-on-chain-pccs/logs/intel-snapshot-2.json
rotated? 1
